Series,Column,Model,Window,Date,Actual,Predicted,Error,Abs_Error
CPI Inflation,cpi_inflation_pct,XGBoost,full_sample,2021-01,2.0,1.886,0.114,0.114
CPI Inflation,cpi_inflation_pct,XGBoost,full_sample,2021-02,2.07,1.8166,0.2534,0.2534
CPI Inflation,cpi_inflation_pct,XGBoost,full_sample,2021-03,1.78,1.8431,-0.0631,0.0631
CPI Inflation,cpi_inflation_pct,XGBoost,full_sample,2021-04,2.09,1.849,0.241,0.241
CPI Inflation,cpi_inflation_pct,XGBoost,full_sample,2021-05,2.03,2.0371,-0.0071,0.0071
CPI Inflation,cpi_inflation_pct,XGBoost,full_sample,2021-06,2.05,1.8252,0.2248,0.2248
CPI Inflation,cpi_inflation_pct,XGBoost,full_sample,2021-07,2.1,1.9777,0.1223,0.1223
CPI Inflation,cpi_inflation_pct,XGBoost,full_sample,2021-08,2.13,1.929,0.201,0.201
CPI Inflation,cpi_inflation_pct,XGBoost,full_sample,2021-09,2.18,2.0104,0.1696,0.1696
CPI Inflation,cpi_inflation_pct,XGBoost,full_sample,2021-10,2.06,2.0655,-0.0055,0.0055
CPI Inflation,cpi_inflation_pct,XGBoost,full_sample,2021-11,2.08,2.0088,0.0712,0.0712
CPI Inflation,cpi_inflation_pct,XGBoost,full_sample,2021-12,2.1,2.274,-0.174,0.174
CPI Inflation,cpi_inflation_pct,XGBoost,full_sample,2022-01,2.0,2.0745,-0.0745,0.0745
CPI Inflation,cpi_inflation_pct,XGBoost,full_sample,2022-02,1.77,2.0292,-0.2592,0.2592
CPI Inflation,cpi_inflation_pct,XGBoost,full_sample,2022-03,1.56,1.8227,-0.2627,0.2627
CPI Inflation,cpi_inflation_pct,XGBoost,full_sample,2022-04,1.12,1.6638,-0.5438,0.5438
CPI Inflation,cpi_inflation_pct,XGBoost,full_sample,2022-05,0.93,1.3488,-0.4188,0.4188
CPI Inflation,cpi_inflation_pct,XGBoost,full_sample,2022-06,0.84,1.0176,-0.1776,0.1776
CPI Inflation,cpi_inflation_pct,XGBoost,full_sample,2022-07,0.81,1.0129,-0.2029,0.2029
CPI Inflation,cpi_inflation_pct,XGBoost,full_sample,2022-08,0.76,0.9812,-0.2212,0.2212
CPI Inflation,cpi_inflation_pct,XGBoost,full_sample,2022-09,0.79,1.0466,-0.2566,0.2566
CPI Inflation,cpi_inflation_pct,XGBoost,full_sample,2022-10,0.78,1.0417,-0.2617,0.2617
CPI Inflation,cpi_inflation_pct,XGBoost,full_sample,2022-11,0.82,1.0329,-0.2129,0.2129
CPI Inflation,cpi_inflation_pct,XGBoost,full_sample,2022-12,0.87,1.347,-0.477,0.477
CPI Inflation,cpi_inflation_pct,XGBoost,full_sample,2023-01,0.83,1.1554,-0.3254,0.3254
CPI Inflation,cpi_inflation_pct,XGBoost,full_sample,2023-02,0.86,1.0541,-0.1941,0.1941
CPI Inflation,cpi_inflation_pct,XGBoost,full_sample,2023-03,0.9,1.1894,-0.2894,0.2894
CPI Inflation,cpi_inflation_pct,XGBoost,full_sample,2023-04,0.92,1.1639,-0.2439,0.2439
CPI Inflation,cpi_inflation_pct,XGBoost,full_sample,2023-05,0.95,1.1753,-0.2253,0.2253
CPI Inflation,cpi_inflation_pct,XGBoost,full_sample,2023-06,1.41,1.1087,0.3013,0.3013
CPI Inflation,cpi_inflation_pct,XGBoost,full_sample,2023-07,1.6,1.3545,0.2455,0.2455
CPI Inflation,cpi_inflation_pct,XGBoost,full_sample,2023-08,2.04,1.1825,0.8575,0.8575
CPI Inflation,cpi_inflation_pct,XGBoost,full_sample,2023-09,2.1,1.464,0.636,0.636
CPI Inflation,cpi_inflation_pct,XGBoost,full_sample,2023-10,2.15,1.6185,0.5315,0.5315
CPI Inflation,cpi_inflation_pct,XGBoost,full_sample,2023-11,2.21,1.7106,0.4994,0.4994
CPI Inflation,cpi_inflation_pct,XGBoost,full_sample,2023-12,2.42,2.052,0.368,0.368
CPI Inflation,cpi_inflation_pct,XGBoost,full_sample,2024-01,2.49,2.4161,0.0739,0.0739
CPI Inflation,cpi_inflation_pct,XGBoost,full_sample,2024-02,2.58,2.4271,0.1529,0.1529
CPI Inflation,cpi_inflation_pct,XGBoost,full_sample,2024-03,2.54,2.7134,-0.1734,0.1734
CPI Inflation,cpi_inflation_pct,XGBoost,full_sample,2024-04,2.61,2.7176,-0.1076,0.1076
CPI Inflation,cpi_inflation_pct,XGBoost,full_sample,2024-05,2.49,2.9874,-0.4974,0.4974
CPI Inflation,cpi_inflation_pct,XGBoost,full_sample,2024-06,2.07,2.7794,-0.7094,0.7094
CPI Inflation,cpi_inflation_pct,XGBoost,full_sample,2024-07,1.68,2.2926,-0.6126,0.6126
CPI Inflation,cpi_inflation_pct,XGBoost,full_sample,2024-08,1.61,1.7473,-0.1373,0.1373
CPI Inflation,cpi_inflation_pct,XGBoost,full_sample,2024-09,1.63,1.7262,-0.0962,0.0962
CPI Inflation,cpi_inflation_pct,XGBoost,full_sample,2024-10,1.55,1.5955,-0.0455,0.0455
CPI Inflation,cpi_inflation_pct,XGBoost,full_sample,2024-11,1.61,1.5893,0.0207,0.0207
CPI Inflation,cpi_inflation_pct,XGBoost,full_sample,2024-12,1.7,1.8922,-0.1922,0.1922
CPI Inflation,cpi_inflation_pct,XGBoost,full_sample,2025-01,1.67,1.8093,-0.1393,0.1393
CPI Inflation,cpi_inflation_pct,XGBoost,full_sample,2025-02,1.59,1.7704,-0.1804,0.1804
CPI Inflation,cpi_inflation_pct,XGBoost,full_sample,2025-03,1.38,1.7704,-0.3904,0.3904
CPI Inflation,cpi_inflation_pct,XGBoost,full_sample,2025-04,1.34,1.5395,-0.1995,0.1995
CPI Inflation,cpi_inflation_pct,XGBoost,full_sample,2025-05,1.17,1.4576,-0.2876,0.2876
CPI Inflation,cpi_inflation_pct,XGBoost,full_sample,2025-06,1.21,1.366,-0.156,0.156
CPI Inflation,cpi_inflation_pct,XGBoost,full_sample,2025-07,1.47,1.4414,0.0286,0.0286
CPI Inflation,cpi_inflation_pct,XGBoost,full_sample,2025-08,1.09,1.4474,-0.3574,0.3574
CPI Inflation,cpi_inflation_pct,XGBoost,full_sample,2025-09,1.08,1.3695,-0.2895,0.2895
CPI Inflation,cpi_inflation_pct,XGBoost,full_sample,2025-10,0.93,1.3197,-0.3897,0.3897
CPI Inflation,cpi_inflation_pct,XGBoost,full_sample,2025-11,0.85,1.1342,-0.2842,0.2842
CPI Inflation,cpi_inflation_pct,XGBoost,full_sample,2025-12,0.95,1.2448,-0.2948,0.2948
CPI Inflation,cpi_inflation_pct,RandomForest,full_sample,2021-01,2.0,1.7852,0.2148,0.2148
CPI Inflation,cpi_inflation_pct,RandomForest,full_sample,2021-02,2.07,1.7875,0.2825,0.2825
CPI Inflation,cpi_inflation_pct,RandomForest,full_sample,2021-03,1.78,1.7147,0.0653,0.0653
CPI Inflation,cpi_inflation_pct,RandomForest,full_sample,2021-04,2.09,1.7285,0.3615,0.3615
CPI Inflation,cpi_inflation_pct,RandomForest,full_sample,2021-05,2.03,1.7444,0.2856,0.2856
CPI Inflation,cpi_inflation_pct,RandomForest,full_sample,2021-06,2.05,1.7444,0.3056,0.3056
CPI Inflation,cpi_inflation_pct,RandomForest,full_sample,2021-07,2.1,1.7476,0.3524,0.3524
CPI Inflation,cpi_inflation_pct,RandomForest,full_sample,2021-08,2.13,1.7534,0.3766,0.3766
CPI Inflation,cpi_inflation_pct,RandomForest,full_sample,2021-09,2.18,1.7693,0.4107,0.4107
CPI Inflation,cpi_inflation_pct,RandomForest,full_sample,2021-10,2.06,1.7844,0.2756,0.2756
CPI Inflation,cpi_inflation_pct,RandomForest,full_sample,2021-11,2.08,1.7576,0.3224,0.3224
CPI Inflation,cpi_inflation_pct,RandomForest,full_sample,2021-12,2.1,1.7691,0.3309,0.3309
CPI Inflation,cpi_inflation_pct,RandomForest,full_sample,2022-01,2.0,1.7657,0.2343,0.2343
CPI Inflation,cpi_inflation_pct,RandomForest,full_sample,2022-02,1.77,1.7686,0.0014,0.0014
CPI Inflation,cpi_inflation_pct,RandomForest,full_sample,2022-03,1.56,1.669,-0.109,0.109
CPI Inflation,cpi_inflation_pct,RandomForest,full_sample,2022-04,1.12,1.7677,-0.6477,0.6477
CPI Inflation,cpi_inflation_pct,RandomForest,full_sample,2022-05,0.93,1.368,-0.438,0.438
CPI Inflation,cpi_inflation_pct,RandomForest,full_sample,2022-06,0.84,1.1415,-0.3015,0.3015
CPI Inflation,cpi_inflation_pct,RandomForest,full_sample,2022-07,0.81,0.9522,-0.1422,0.1422
CPI Inflation,cpi_inflation_pct,RandomForest,full_sample,2022-08,0.76,0.9623,-0.2023,0.2023
CPI Inflation,cpi_inflation_pct,RandomForest,full_sample,2022-09,0.79,0.9434,-0.1534,0.1534
CPI Inflation,cpi_inflation_pct,RandomForest,full_sample,2022-10,0.78,0.9315,-0.1515,0.1515
CPI Inflation,cpi_inflation_pct,RandomForest,full_sample,2022-11,0.82,0.9325,-0.1125,0.1125
CPI Inflation,cpi_inflation_pct,RandomForest,full_sample,2022-12,0.87,0.9931,-0.1231,0.1231
CPI Inflation,cpi_inflation_pct,RandomForest,full_sample,2023-01,0.83,1.074,-0.244,0.244
CPI Inflation,cpi_inflation_pct,RandomForest,full_sample,2023-02,0.86,0.9231,-0.0631,0.0631
CPI Inflation,cpi_inflation_pct,RandomForest,full_sample,2023-03,0.9,1.0096,-0.1096,0.1096
CPI Inflation,cpi_inflation_pct,RandomForest,full_sample,2023-04,0.92,1.0103,-0.0903,0.0903
CPI Inflation,cpi_inflation_pct,RandomForest,full_sample,2023-05,0.95,1.0395,-0.0895,0.0895
CPI Inflation,cpi_inflation_pct,RandomForest,full_sample,2023-06,1.41,1.0482,0.3618,0.3618
CPI Inflation,cpi_inflation_pct,RandomForest,full_sample,2023-07,1.6,1.4526,0.1474,0.1474
CPI Inflation,cpi_inflation_pct,RandomForest,full_sample,2023-08,2.04,1.3249,0.7151,0.7151
CPI Inflation,cpi_inflation_pct,RandomForest,full_sample,2023-09,2.1,1.651,0.449,0.449
CPI Inflation,cpi_inflation_pct,RandomForest,full_sample,2023-10,2.15,1.6829,0.4671,0.4671
CPI Inflation,cpi_inflation_pct,RandomForest,full_sample,2023-11,2.21,1.7377,0.4723,0.4723
CPI Inflation,cpi_inflation_pct,RandomForest,full_sample,2023-12,2.42,1.8314,0.5886,0.5886
CPI Inflation,cpi_inflation_pct,RandomForest,full_sample,2024-01,2.49,2.285,0.205,0.205
CPI Inflation,cpi_inflation_pct,RandomForest,full_sample,2024-02,2.58,2.3484,0.2316,0.2316
CPI Inflation,cpi_inflation_pct,RandomForest,full_sample,2024-03,2.54,2.2928,0.2472,0.2472
CPI Inflation,cpi_inflation_pct,RandomForest,full_sample,2024-04,2.61,2.36,0.25,0.25
CPI Inflation,cpi_inflation_pct,RandomForest,full_sample,2024-05,2.49,2.4203,0.0697,0.0697
CPI Inflation,cpi_inflation_pct,RandomForest,full_sample,2024-06,2.07,2.3585,-0.2885,0.2885
CPI Inflation,cpi_inflation_pct,RandomForest,full_sample,2024-07,1.68,1.9649,-0.2849,0.2849
CPI Inflation,cpi_inflation_pct,RandomForest,full_sample,2024-08,1.61,1.7131,-0.1031,0.1031
CPI Inflation,cpi_inflation_pct,RandomForest,full_sample,2024-09,1.63,1.717,-0.087,0.087
CPI Inflation,cpi_inflation_pct,RandomForest,full_sample,2024-10,1.55,1.714,-0.164,0.164
CPI Inflation,cpi_inflation_pct,RandomForest,full_sample,2024-11,1.61,1.7082,-0.0982,0.0982
CPI Inflation,cpi_inflation_pct,RandomForest,full_sample,2024-12,1.7,1.7669,-0.0669,0.0669
CPI Inflation,cpi_inflation_pct,RandomForest,full_sample,2025-01,1.67,1.7697,-0.0997,0.0997
CPI Inflation,cpi_inflation_pct,RandomForest,full_sample,2025-02,1.59,1.775,-0.185,0.185
CPI Inflation,cpi_inflation_pct,RandomForest,full_sample,2025-03,1.38,1.7095,-0.3295,0.3295
CPI Inflation,cpi_inflation_pct,RandomForest,full_sample,2025-04,1.34,1.6193,-0.2793,0.2793
CPI Inflation,cpi_inflation_pct,RandomForest,full_sample,2025-05,1.17,1.5718,-0.4018,0.4018
CPI Inflation,cpi_inflation_pct,RandomForest,full_sample,2025-06,1.21,1.4374,-0.2274,0.2274
CPI Inflation,cpi_inflation_pct,RandomForest,full_sample,2025-07,1.47,1.4736,-0.0036,0.0036
CPI Inflation,cpi_inflation_pct,RandomForest,full_sample,2025-08,1.09,1.4407,-0.3507,0.3507
CPI Inflation,cpi_inflation_pct,RandomForest,full_sample,2025-09,1.08,1.2091,-0.1291,0.1291
CPI Inflation,cpi_inflation_pct,RandomForest,full_sample,2025-10,0.93,1.1883,-0.2583,0.2583
CPI Inflation,cpi_inflation_pct,RandomForest,full_sample,2025-11,0.85,1.0842,-0.2342,0.2342
CPI Inflation,cpi_inflation_pct,RandomForest,full_sample,2025-12,0.95,0.9864,-0.0364,0.0364
CPI Inflation,cpi_inflation_pct,XGBoost,post_2014,2021-01,2.0,1.8868,0.1132,0.1132
CPI Inflation,cpi_inflation_pct,XGBoost,post_2014,2021-02,2.07,1.8448,0.2252,0.2252
CPI Inflation,cpi_inflation_pct,XGBoost,post_2014,2021-03,1.78,1.857,-0.077,0.077
CPI Inflation,cpi_inflation_pct,XGBoost,post_2014,2021-04,2.09,1.8004,0.2896,0.2896
CPI Inflation,cpi_inflation_pct,XGBoost,post_2014,2021-05,2.03,1.8343,0.1957,0.1957
CPI Inflation,cpi_inflation_pct,XGBoost,post_2014,2021-06,2.05,1.7907,0.2593,0.2593
CPI Inflation,cpi_inflation_pct,XGBoost,post_2014,2021-07,2.1,1.8214,0.2786,0.2786
CPI Inflation,cpi_inflation_pct,XGBoost,post_2014,2021-08,2.13,1.7885,0.3415,0.3415
CPI Inflation,cpi_inflation_pct,XGBoost,post_2014,2021-09,2.18,1.8439,0.3361,0.3361
CPI Inflation,cpi_inflation_pct,XGBoost,post_2014,2021-10,2.06,1.9668,0.0932,0.0932
CPI Inflation,cpi_inflation_pct,XGBoost,post_2014,2021-11,2.08,1.9351,0.1449,0.1449
CPI Inflation,cpi_inflation_pct,XGBoost,post_2014,2021-12,2.1,1.9422,0.1578,0.1578
CPI Inflation,cpi_inflation_pct,XGBoost,post_2014,2022-01,2.0,1.9407,0.0593,0.0593
CPI Inflation,cpi_inflation_pct,XGBoost,post_2014,2022-02,1.77,1.9413,-0.1713,0.1713
CPI Inflation,cpi_inflation_pct,XGBoost,post_2014,2022-03,1.56,1.7696,-0.2096,0.2096
CPI Inflation,cpi_inflation_pct,XGBoost,post_2014,2022-04,1.12,1.8044,-0.6844,0.6844
CPI Inflation,cpi_inflation_pct,XGBoost,post_2014,2022-05,0.93,1.3287,-0.3987,0.3987
CPI Inflation,cpi_inflation_pct,XGBoost,post_2014,2022-06,0.84,1.1648,-0.3248,0.3248
CPI Inflation,cpi_inflation_pct,XGBoost,post_2014,2022-07,0.81,1.1131,-0.3031,0.3031
CPI Inflation,cpi_inflation_pct,XGBoost,post_2014,2022-08,0.76,1.0929,-0.3329,0.3329
CPI Inflation,cpi_inflation_pct,XGBoost,post_2014,2022-09,0.79,1.2257,-0.4357,0.4357
CPI Inflation,cpi_inflation_pct,XGBoost,post_2014,2022-10,0.78,1.1644,-0.3844,0.3844
CPI Inflation,cpi_inflation_pct,XGBoost,post_2014,2022-11,0.82,1.2569,-0.4369,0.4369
CPI Inflation,cpi_inflation_pct,XGBoost,post_2014,2022-12,0.87,1.3402,-0.4702,0.4702
CPI Inflation,cpi_inflation_pct,XGBoost,post_2014,2023-01,0.83,1.1573,-0.3273,0.3273
CPI Inflation,cpi_inflation_pct,XGBoost,post_2014,2023-02,0.86,1.1144,-0.2544,0.2544
CPI Inflation,cpi_inflation_pct,XGBoost,post_2014,2023-03,0.9,1.2374,-0.3374,0.3374
CPI Inflation,cpi_inflation_pct,XGBoost,post_2014,2023-04,0.92,1.0943,-0.1743,0.1743
CPI Inflation,cpi_inflation_pct,XGBoost,post_2014,2023-05,0.95,1.1083,-0.1583,0.1583
CPI Inflation,cpi_inflation_pct,XGBoost,post_2014,2023-06,1.41,1.0916,0.3184,0.3184
CPI Inflation,cpi_inflation_pct,XGBoost,post_2014,2023-07,1.6,1.5396,0.0604,0.0604
CPI Inflation,cpi_inflation_pct,XGBoost,post_2014,2023-08,2.04,1.618,0.422,0.422
CPI Inflation,cpi_inflation_pct,XGBoost,post_2014,2023-09,2.1,1.7335,0.3665,0.3665
CPI Inflation,cpi_inflation_pct,XGBoost,post_2014,2023-10,2.15,1.6657,0.4843,0.4843
CPI Inflation,cpi_inflation_pct,XGBoost,post_2014,2023-11,2.21,1.7177,0.4923,0.4923
CPI Inflation,cpi_inflation_pct,XGBoost,post_2014,2023-12,2.42,1.8066,0.6134,0.6134
CPI Inflation,cpi_inflation_pct,XGBoost,post_2014,2024-01,2.49,1.7252,0.7648,0.7648
CPI Inflation,cpi_inflation_pct,XGBoost,post_2014,2024-02,2.58,1.8365,0.7435,0.7435
CPI Inflation,cpi_inflation_pct,XGBoost,post_2014,2024-03,2.54,1.8163,0.7237,0.7237
CPI Inflation,cpi_inflation_pct,XGBoost,post_2014,2024-04,2.61,1.8259,0.7841,0.7841
CPI Inflation,cpi_inflation_pct,XGBoost,post_2014,2024-05,2.49,1.8142,0.6758,0.6758
CPI Inflation,cpi_inflation_pct,XGBoost,post_2014,2024-06,2.07,1.8834,0.1866,0.1866
CPI Inflation,cpi_inflation_pct,XGBoost,post_2014,2024-07,1.68,1.85,-0.17,0.17
CPI Inflation,cpi_inflation_pct,XGBoost,post_2014,2024-08,1.61,1.6305,-0.0205,0.0205
CPI Inflation,cpi_inflation_pct,XGBoost,post_2014,2024-09,1.63,1.7228,-0.0928,0.0928
CPI Inflation,cpi_inflation_pct,XGBoost,post_2014,2024-10,1.55,1.6985,-0.1485,0.1485
CPI Inflation,cpi_inflation_pct,XGBoost,post_2014,2024-11,1.61,1.7119,-0.1019,0.1019
CPI Inflation,cpi_inflation_pct,XGBoost,post_2014,2024-12,1.7,1.8344,-0.1344,0.1344
CPI Inflation,cpi_inflation_pct,XGBoost,post_2014,2025-01,1.67,1.8785,-0.2085,0.2085
CPI Inflation,cpi_inflation_pct,XGBoost,post_2014,2025-02,1.59,1.8674,-0.2774,0.2774
CPI Inflation,cpi_inflation_pct,XGBoost,post_2014,2025-03,1.38,1.8923,-0.5123,0.5123
CPI Inflation,cpi_inflation_pct,XGBoost,post_2014,2025-04,1.34,1.6377,-0.2977,0.2977
CPI Inflation,cpi_inflation_pct,XGBoost,post_2014,2025-05,1.17,1.6076,-0.4376,0.4376
CPI Inflation,cpi_inflation_pct,XGBoost,post_2014,2025-06,1.21,1.4107,-0.2007,0.2007
CPI Inflation,cpi_inflation_pct,XGBoost,post_2014,2025-07,1.47,2.1196,-0.6496,0.6496
CPI Inflation,cpi_inflation_pct,XGBoost,post_2014,2025-08,1.09,1.5895,-0.4995,0.4995
CPI Inflation,cpi_inflation_pct,XGBoost,post_2014,2025-09,1.08,1.3807,-0.3007,0.3007
CPI Inflation,cpi_inflation_pct,XGBoost,post_2014,2025-10,0.93,1.319,-0.389,0.389
CPI Inflation,cpi_inflation_pct,XGBoost,post_2014,2025-11,0.85,1.0788,-0.2288,0.2288
CPI Inflation,cpi_inflation_pct,XGBoost,post_2014,2025-12,0.95,1.1064,-0.1564,0.1564
CPI Inflation,cpi_inflation_pct,RandomForest,post_2014,2021-01,2.0,1.9196,0.0804,0.0804
CPI Inflation,cpi_inflation_pct,RandomForest,post_2014,2021-02,2.07,1.8924,0.1776,0.1776
CPI Inflation,cpi_inflation_pct,RandomForest,post_2014,2021-03,1.78,1.8934,-0.1134,0.1134
CPI Inflation,cpi_inflation_pct,RandomForest,post_2014,2021-04,2.09,1.8172,0.2728,0.2728
CPI Inflation,cpi_inflation_pct,RandomForest,post_2014,2021-05,2.03,1.858,0.172,0.172
CPI Inflation,cpi_inflation_pct,RandomForest,post_2014,2021-06,2.05,1.8567,0.1933,0.1933
CPI Inflation,cpi_inflation_pct,RandomForest,post_2014,2021-07,2.1,1.8608,0.2392,0.2392
CPI Inflation,cpi_inflation_pct,RandomForest,post_2014,2021-08,2.13,1.8654,0.2646,0.2646
CPI Inflation,cpi_inflation_pct,RandomForest,post_2014,2021-09,2.18,1.8995,0.2805,0.2805
CPI Inflation,cpi_inflation_pct,RandomForest,post_2014,2021-10,2.06,1.8926,0.1674,0.1674
CPI Inflation,cpi_inflation_pct,RandomForest,post_2014,2021-11,2.08,1.8836,0.1964,0.1964
CPI Inflation,cpi_inflation_pct,RandomForest,post_2014,2021-12,2.1,1.8849,0.2151,0.2151
CPI Inflation,cpi_inflation_pct,RandomForest,post_2014,2022-01,2.0,1.8929,0.1071,0.1071
CPI Inflation,cpi_inflation_pct,RandomForest,post_2014,2022-02,1.77,1.8856,-0.1156,0.1156
CPI Inflation,cpi_inflation_pct,RandomForest,post_2014,2022-03,1.56,1.8132,-0.2532,0.2532
CPI Inflation,cpi_inflation_pct,RandomForest,post_2014,2022-04,1.12,1.8182,-0.6982,0.6982
CPI Inflation,cpi_inflation_pct,RandomForest,post_2014,2022-05,0.93,1.2337,-0.3037,0.3037
CPI Inflation,cpi_inflation_pct,RandomForest,post_2014,2022-06,0.84,1.177,-0.337,0.337
CPI Inflation,cpi_inflation_pct,RandomForest,post_2014,2022-07,0.81,1.1134,-0.3034,0.3034
CPI Inflation,cpi_inflation_pct,RandomForest,post_2014,2022-08,0.76,1.098,-0.338,0.338
CPI Inflation,cpi_inflation_pct,RandomForest,post_2014,2022-09,0.79,1.0804,-0.2904,0.2904
CPI Inflation,cpi_inflation_pct,RandomForest,post_2014,2022-10,0.78,1.0711,-0.2911,0.2911
CPI Inflation,cpi_inflation_pct,RandomForest,post_2014,2022-11,0.82,1.1182,-0.2982,0.2982
CPI Inflation,cpi_inflation_pct,RandomForest,post_2014,2022-12,0.87,1.1304,-0.2604,0.2604
CPI Inflation,cpi_inflation_pct,RandomForest,post_2014,2023-01,0.83,1.1356,-0.3056,0.3056
CPI Inflation,cpi_inflation_pct,RandomForest,post_2014,2023-02,0.86,1.1199,-0.2599,0.2599
CPI Inflation,cpi_inflation_pct,RandomForest,post_2014,2023-03,0.9,1.123,-0.223,0.223
CPI Inflation,cpi_inflation_pct,RandomForest,post_2014,2023-04,0.92,1.1751,-0.2551,0.2551
CPI Inflation,cpi_inflation_pct,RandomForest,post_2014,2023-05,0.95,1.1893,-0.2393,0.2393
CPI Inflation,cpi_inflation_pct,RandomForest,post_2014,2023-06,1.41,1.1995,0.2105,0.2105
CPI Inflation,cpi_inflation_pct,RandomForest,post_2014,2023-07,1.6,1.5207,0.0793,0.0793
CPI Inflation,cpi_inflation_pct,RandomForest,post_2014,2023-08,2.04,1.7127,0.3273,0.3273
CPI Inflation,cpi_inflation_pct,RandomForest,post_2014,2023-09,2.1,1.7347,0.3653,0.3653
CPI Inflation,cpi_inflation_pct,RandomForest,post_2014,2023-10,2.15,1.744,0.406,0.406
CPI Inflation,cpi_inflation_pct,RandomForest,post_2014,2023-11,2.21,1.7868,0.4232,0.4232
CPI Inflation,cpi_inflation_pct,RandomForest,post_2014,2023-12,2.42,1.8478,0.5722,0.5722
CPI Inflation,cpi_inflation_pct,RandomForest,post_2014,2024-01,2.49,1.9023,0.5877,0.5877
CPI Inflation,cpi_inflation_pct,RandomForest,post_2014,2024-02,2.58,1.9362,0.6438,0.6438
CPI Inflation,cpi_inflation_pct,RandomForest,post_2014,2024-03,2.54,1.9748,0.5652,0.5652
CPI Inflation,cpi_inflation_pct,RandomForest,post_2014,2024-04,2.61,1.9782,0.6318,0.6318
CPI Inflation,cpi_inflation_pct,RandomForest,post_2014,2024-05,2.49,1.9808,0.5092,0.5092
CPI Inflation,cpi_inflation_pct,RandomForest,post_2014,2024-06,2.07,1.9568,0.1132,0.1132
CPI Inflation,cpi_inflation_pct,RandomForest,post_2014,2024-07,1.68,1.9109,-0.2309,0.2309
CPI Inflation,cpi_inflation_pct,RandomForest,post_2014,2024-08,1.61,1.747,-0.137,0.137
CPI Inflation,cpi_inflation_pct,RandomForest,post_2014,2024-09,1.63,1.7292,-0.0992,0.0992
CPI Inflation,cpi_inflation_pct,RandomForest,post_2014,2024-10,1.55,1.6887,-0.1387,0.1387
CPI Inflation,cpi_inflation_pct,RandomForest,post_2014,2024-11,1.61,1.6755,-0.0655,0.0655
CPI Inflation,cpi_inflation_pct,RandomForest,post_2014,2024-12,1.7,1.819,-0.119,0.119
CPI Inflation,cpi_inflation_pct,RandomForest,post_2014,2025-01,1.67,1.8761,-0.2061,0.2061
CPI Inflation,cpi_inflation_pct,RandomForest,post_2014,2025-02,1.59,1.8808,-0.2908,0.2908
CPI Inflation,cpi_inflation_pct,RandomForest,post_2014,2025-03,1.38,1.891,-0.511,0.511
CPI Inflation,cpi_inflation_pct,RandomForest,post_2014,2025-04,1.34,1.7028,-0.3628,0.3628
CPI Inflation,cpi_inflation_pct,RandomForest,post_2014,2025-05,1.17,1.648,-0.478,0.478
CPI Inflation,cpi_inflation_pct,RandomForest,post_2014,2025-06,1.21,1.3227,-0.1127,0.1127
CPI Inflation,cpi_inflation_pct,RandomForest,post_2014,2025-07,1.47,1.5707,-0.1007,0.1007
CPI Inflation,cpi_inflation_pct,RandomForest,post_2014,2025-08,1.09,1.5497,-0.4597,0.4597
CPI Inflation,cpi_inflation_pct,RandomForest,post_2014,2025-09,1.08,1.2249,-0.1449,0.1449
CPI Inflation,cpi_inflation_pct,RandomForest,post_2014,2025-10,0.93,1.1788,-0.2488,0.2488
CPI Inflation,cpi_inflation_pct,RandomForest,post_2014,2025-11,0.85,1.1434,-0.2934,0.2934
CPI Inflation,cpi_inflation_pct,RandomForest,post_2014,2025-12,0.95,1.0854,-0.1354,0.1354
USD/AOA Exchange Rate,usd_aoa_monthly,XGBoost,full_sample,2021-01,651.132,646.5875,4.5445,4.5445
USD/AOA Exchange Rate,usd_aoa_monthly,XGBoost,full_sample,2021-02,647.915,644.3312,3.5838,3.5838
USD/AOA Exchange Rate,usd_aoa_monthly,XGBoost,full_sample,2021-03,619.23,642.4655,-23.2355,23.2355
USD/AOA Exchange Rate,usd_aoa_monthly,XGBoost,full_sample,2021-04,645.5,643.8709,1.6291,1.6291
USD/AOA Exchange Rate,usd_aoa_monthly,XGBoost,full_sample,2021-05,648.225,644.1088,4.1162,4.1162
USD/AOA Exchange Rate,usd_aoa_monthly,XGBoost,full_sample,2021-06,645.531,645.84,-0.309,0.309
USD/AOA Exchange Rate,usd_aoa_monthly,XGBoost,full_sample,2021-07,644.0,642.6432,1.3568,1.3568
USD/AOA Exchange Rate,usd_aoa_monthly,XGBoost,full_sample,2021-08,638.875,642.5583,-3.6833,3.6833
USD/AOA Exchange Rate,usd_aoa_monthly,XGBoost,full_sample,2021-09,618.875,642.4025,-23.5275,23.5275
USD/AOA Exchange Rate,usd_aoa_monthly,XGBoost,full_sample,2021-10,597.402,642.8337,-45.4317,45.4317
USD/AOA Exchange Rate,usd_aoa_monthly,XGBoost,full_sample,2021-11,596.652,626.3614,-29.7094,29.7094
USD/AOA Exchange Rate,usd_aoa_monthly,XGBoost,full_sample,2021-12,569.4,621.8817,-52.4817,52.4817
USD/AOA Exchange Rate,usd_aoa_monthly,XGBoost,full_sample,2022-01,547.8,594.2396,-46.4396,46.4396
USD/AOA Exchange Rate,usd_aoa_monthly,XGBoost,full_sample,2022-02,521.0,581.94,-60.94,60.94
USD/AOA Exchange Rate,usd_aoa_monthly,XGBoost,full_sample,2022-03,453.0,577.5855,-124.5855,124.5855
USD/AOA Exchange Rate,usd_aoa_monthly,XGBoost,full_sample,2022-04,415.831,494.2684,-78.4374,78.4374
USD/AOA Exchange Rate,usd_aoa_monthly,XGBoost,full_sample,2022-05,404.0,469.8531,-65.8531,65.8531
USD/AOA Exchange Rate,usd_aoa_monthly,XGBoost,full_sample,2022-06,421.0,458.5151,-37.5151,37.5151
USD/AOA Exchange Rate,usd_aoa_monthly,XGBoost,full_sample,2022-07,420.0,447.699,-27.699,27.699
USD/AOA Exchange Rate,usd_aoa_monthly,XGBoost,full_sample,2022-08,420.0,450.282,-30.282,30.282
USD/AOA Exchange Rate,usd_aoa_monthly,XGBoost,full_sample,2022-09,420.0,427.7171,-7.7171,7.7171
USD/AOA Exchange Rate,usd_aoa_monthly,XGBoost,full_sample,2022-10,436.0,447.1705,-11.1705,11.1705
USD/AOA Exchange Rate,usd_aoa_monthly,XGBoost,full_sample,2022-11,498.3745,465.8038,32.5707,32.5707
USD/AOA Exchange Rate,usd_aoa_monthly,XGBoost,full_sample,2022-12,503.25,541.9796,-38.7296,38.7296
USD/AOA Exchange Rate,usd_aoa_monthly,XGBoost,full_sample,2023-01,503.688,549.2368,-45.5488,45.5488
USD/AOA Exchange Rate,usd_aoa_monthly,XGBoost,full_sample,2023-02,502.25,554.3006,-52.0506,52.0506
USD/AOA Exchange Rate,usd_aoa_monthly,XGBoost,full_sample,2023-03,503.0,555.3193,-52.3193,52.3193
USD/AOA Exchange Rate,usd_aoa_monthly,XGBoost,full_sample,2023-04,503.95,555.2715,-51.3215,51.3215
USD/AOA Exchange Rate,usd_aoa_monthly,XGBoost,full_sample,2023-05,525.2,557.0101,-31.8101,31.8101
USD/AOA Exchange Rate,usd_aoa_monthly,XGBoost,full_sample,2023-06,698.5,556.366,142.134,142.134
USD/AOA Exchange Rate,usd_aoa_monthly,XGBoost,full_sample,2023-07,827.0,620.9775,206.0225,206.0225
USD/AOA Exchange Rate,usd_aoa_monthly,XGBoost,full_sample,2023-08,830.0,625.8767,204.1233,204.1233
USD/AOA Exchange Rate,usd_aoa_monthly,XGBoost,full_sample,2023-09,829.0,643.5466,185.4534,185.4534
USD/AOA Exchange Rate,usd_aoa_monthly,XGBoost,full_sample,2023-10,831.5,638.2649,193.2351,193.2351
USD/AOA Exchange Rate,usd_aoa_monthly,XGBoost,full_sample,2023-11,834.3,637.1925,197.1075,197.1075
USD/AOA Exchange Rate,usd_aoa_monthly,XGBoost,full_sample,2023-12,840.0,643.0613,196.9387,196.9387
USD/AOA Exchange Rate,usd_aoa_monthly,XGBoost,full_sample,2024-01,844.0,642.0464,201.9536,201.9536
USD/AOA Exchange Rate,usd_aoa_monthly,XGBoost,full_sample,2024-02,840.0,642.0831,197.9169,197.9169
USD/AOA Exchange Rate,usd_aoa_monthly,XGBoost,full_sample,2024-03,833.0,642.0919,190.9081,190.9081
USD/AOA Exchange Rate,usd_aoa_monthly,XGBoost,full_sample,2024-04,841.393,642.1049,199.2881,199.2881
USD/AOA Exchange Rate,usd_aoa_monthly,XGBoost,full_sample,2024-05,851.5,642.0116,209.4884,209.4884
USD/AOA Exchange Rate,usd_aoa_monthly,XGBoost,full_sample,2024-06,863.423,642.3675,221.0555,221.0555
USD/AOA Exchange Rate,usd_aoa_monthly,XGBoost,full_sample,2024-07,882.157,643.0242,239.1328,239.1328
USD/AOA Exchange Rate,usd_aoa_monthly,XGBoost,full_sample,2024-08,895.625,641.5781,254.0469,254.0469
USD/AOA Exchange Rate,usd_aoa_monthly,XGBoost,full_sample,2024-09,936.292,643.1028,293.1892,293.1892
USD/AOA Exchange Rate,usd_aoa_monthly,XGBoost,full_sample,2024-10,918.141,647.2434,270.8976,270.8976
USD/AOA Exchange Rate,usd_aoa_monthly,XGBoost,full_sample,2024-11,918.141,647.9548,270.1862,270.1862
USD/AOA Exchange Rate,usd_aoa_monthly,XGBoost,full_sample,2024-12,922.3845,643.1944,279.1901,279.1901
USD/AOA Exchange Rate,usd_aoa_monthly,XGBoost,full_sample,2025-01,912.0,641.3952,270.6048,270.6048
USD/AOA Exchange Rate,usd_aoa_monthly,XGBoost,full_sample,2025-02,912.0,641.4599,270.5401,270.5401
USD/AOA Exchange Rate,usd_aoa_monthly,XGBoost,full_sample,2025-03,912.0,641.6724,270.3276,270.3276
USD/AOA Exchange Rate,usd_aoa_monthly,XGBoost,full_sample,2025-04,912.0,639.058,272.942,272.942
USD/AOA Exchange Rate,usd_aoa_monthly,XGBoost,full_sample,2025-05,921.12,639.0536,282.0664,282.0664
USD/AOA Exchange Rate,usd_aoa_monthly,XGBoost,full_sample,2025-06,921.13,639.427,281.703,281.703
USD/AOA Exchange Rate,usd_aoa_monthly,XGBoost,full_sample,2025-07,918.655,639.6361,279.0189,279.0189
USD/AOA Exchange Rate,usd_aoa_monthly,XGBoost,full_sample,2025-08,918.65,641.4667,277.1833,277.1833
USD/AOA Exchange Rate,usd_aoa_monthly,XGBoost,full_sample,2025-09,918.655,638.5422,280.1128,280.1128
USD/AOA Exchange Rate,usd_aoa_monthly,XGBoost,full_sample,2025-10,918.678,639.2912,279.3868,279.3868
USD/AOA Exchange Rate,usd_aoa_monthly,XGBoost,full_sample,2025-11,918.785,639.6054,279.1796,279.1796
USD/AOA Exchange Rate,usd_aoa_monthly,XGBoost,full_sample,2025-12,918.986,638.9765,280.0095,280.0095
USD/AOA Exchange Rate,usd_aoa_monthly,RandomForest,full_sample,2021-01,651.132,619.7109,31.4211,31.4211
USD/AOA Exchange Rate,usd_aoa_monthly,RandomForest,full_sample,2021-02,647.915,609.9789,37.9361,37.9361
USD/AOA Exchange Rate,usd_aoa_monthly,RandomForest,full_sample,2021-03,619.23,608.1005,11.1295,11.1295
USD/AOA Exchange Rate,usd_aoa_monthly,RandomForest,full_sample,2021-04,645.5,593.3683,52.1317,52.1317
USD/AOA Exchange Rate,usd_aoa_monthly,RandomForest,full_sample,2021-05,648.225,593.1332,55.0918,55.0918
USD/AOA Exchange Rate,usd_aoa_monthly,RandomForest,full_sample,2021-06,645.531,594.7033,50.8277,50.8277
USD/AOA Exchange Rate,usd_aoa_monthly,RandomForest,full_sample,2021-07,644.0,593.3491,50.6509,50.6509
USD/AOA Exchange Rate,usd_aoa_monthly,RandomForest,full_sample,2021-08,638.875,593.3491,45.5259,45.5259
USD/AOA Exchange Rate,usd_aoa_monthly,RandomForest,full_sample,2021-09,618.875,593.3491,25.5259,25.5259
USD/AOA Exchange Rate,usd_aoa_monthly,RandomForest,full_sample,2021-10,597.402,593.1332,4.2688,4.2688
USD/AOA Exchange Rate,usd_aoa_monthly,RandomForest,full_sample,2021-11,596.652,592.6031,4.0489,4.0489
USD/AOA Exchange Rate,usd_aoa_monthly,RandomForest,full_sample,2021-12,569.4,593.0399,-23.6399,23.6399
USD/AOA Exchange Rate,usd_aoa_monthly,RandomForest,full_sample,2022-01,547.8,590.6921,-42.8921,42.8921
USD/AOA Exchange Rate,usd_aoa_monthly,RandomForest,full_sample,2022-02,521.0,591.261,-70.261,70.261
USD/AOA Exchange Rate,usd_aoa_monthly,RandomForest,full_sample,2022-03,453.0,582.6128,-129.6128,129.6128
USD/AOA Exchange Rate,usd_aoa_monthly,RandomForest,full_sample,2022-04,415.831,574.229,-158.398,158.398
USD/AOA Exchange Rate,usd_aoa_monthly,RandomForest,full_sample,2022-05,404.0,560.1022,-156.1022,156.1022
USD/AOA Exchange Rate,usd_aoa_monthly,RandomForest,full_sample,2022-06,421.0,531.5089,-110.5089,110.5089
USD/AOA Exchange Rate,usd_aoa_monthly,RandomForest,full_sample,2022-07,420.0,531.0787,-111.0787,111.0787
USD/AOA Exchange Rate,usd_aoa_monthly,RandomForest,full_sample,2022-08,420.0,528.04,-108.04,108.04
USD/AOA Exchange Rate,usd_aoa_monthly,RandomForest,full_sample,2022-09,420.0,520.9969,-100.9969,100.9969
USD/AOA Exchange Rate,usd_aoa_monthly,RandomForest,full_sample,2022-10,436.0,517.2397,-81.2397,81.2397
USD/AOA Exchange Rate,usd_aoa_monthly,RandomForest,full_sample,2022-11,498.3745,515.7388,-17.3643,17.3643
USD/AOA Exchange Rate,usd_aoa_monthly,RandomForest,full_sample,2022-12,503.25,528.6545,-25.4045,25.4045
USD/AOA Exchange Rate,usd_aoa_monthly,RandomForest,full_sample,2023-01,503.688,531.2143,-27.5263,27.5263
USD/AOA Exchange Rate,usd_aoa_monthly,RandomForest,full_sample,2023-02,502.25,549.5669,-47.3169,47.3169
USD/AOA Exchange Rate,usd_aoa_monthly,RandomForest,full_sample,2023-03,503.0,552.5462,-49.5462,49.5462
USD/AOA Exchange Rate,usd_aoa_monthly,RandomForest,full_sample,2023-04,503.95,541.4186,-37.4686,37.4686
USD/AOA Exchange Rate,usd_aoa_monthly,RandomForest,full_sample,2023-05,525.2,548.1512,-22.9512,22.9512
USD/AOA Exchange Rate,usd_aoa_monthly,RandomForest,full_sample,2023-06,698.5,550.0058,148.4942,148.4942
USD/AOA Exchange Rate,usd_aoa_monthly,RandomForest,full_sample,2023-07,827.0,567.9686,259.0314,259.0314
USD/AOA Exchange Rate,usd_aoa_monthly,RandomForest,full_sample,2023-08,830.0,574.7485,255.2515,255.2515
USD/AOA Exchange Rate,usd_aoa_monthly,RandomForest,full_sample,2023-09,829.0,581.4515,247.5485,247.5485
USD/AOA Exchange Rate,usd_aoa_monthly,RandomForest,full_sample,2023-10,831.5,587.9178,243.5822,243.5822
USD/AOA Exchange Rate,usd_aoa_monthly,RandomForest,full_sample,2023-11,834.3,592.0998,242.2002,242.2002
USD/AOA Exchange Rate,usd_aoa_monthly,RandomForest,full_sample,2023-12,840.0,592.6873,247.3127,247.3127
USD/AOA Exchange Rate,usd_aoa_monthly,RandomForest,full_sample,2024-01,844.0,594.4483,249.5517,249.5517
USD/AOA Exchange Rate,usd_aoa_monthly,RandomForest,full_sample,2024-02,840.0,594.4483,245.5517,245.5517
USD/AOA Exchange Rate,usd_aoa_monthly,RandomForest,full_sample,2024-03,833.0,594.4483,238.5517,238.5517
USD/AOA Exchange Rate,usd_aoa_monthly,RandomForest,full_sample,2024-04,841.393,593.3491,248.0439,248.0439
USD/AOA Exchange Rate,usd_aoa_monthly,RandomForest,full_sample,2024-05,851.5,593.3491,258.1509,258.1509
USD/AOA Exchange Rate,usd_aoa_monthly,RandomForest,full_sample,2024-06,863.423,593.3491,270.0739,270.0739
USD/AOA Exchange Rate,usd_aoa_monthly,RandomForest,full_sample,2024-07,882.157,593.1332,289.0238,289.0238
USD/AOA Exchange Rate,usd_aoa_monthly,RandomForest,full_sample,2024-08,895.625,593.3683,302.2567,302.2567
USD/AOA Exchange Rate,usd_aoa_monthly,RandomForest,full_sample,2024-09,936.292,593.8051,342.4869,342.4869
USD/AOA Exchange Rate,usd_aoa_monthly,RandomForest,full_sample,2024-10,918.141,599.6494,318.4916,318.4916
USD/AOA Exchange Rate,usd_aoa_monthly,RandomForest,full_sample,2024-11,918.141,596.11,322.031,322.031
USD/AOA Exchange Rate,usd_aoa_monthly,RandomForest,full_sample,2024-12,922.3845,592.0893,330.2952,330.2952
USD/AOA Exchange Rate,usd_aoa_monthly,RandomForest,full_sample,2025-01,912.0,590.1233,321.8767,321.8767
USD/AOA Exchange Rate,usd_aoa_monthly,RandomForest,full_sample,2025-02,912.0,593.2092,318.7908,318.7908
USD/AOA Exchange Rate,usd_aoa_monthly,RandomForest,full_sample,2025-03,912.0,597.1672,314.8328,314.8328
USD/AOA Exchange Rate,usd_aoa_monthly,RandomForest,full_sample,2025-04,912.0,608.8099,303.1901,303.1901
USD/AOA Exchange Rate,usd_aoa_monthly,RandomForest,full_sample,2025-05,921.12,604.8519,316.2681,316.2681
USD/AOA Exchange Rate,usd_aoa_monthly,RandomForest,full_sample,2025-06,921.13,598.1696,322.9604,322.9604
USD/AOA Exchange Rate,usd_aoa_monthly,RandomForest,full_sample,2025-07,918.655,596.3275,322.3275,322.3275
USD/AOA Exchange Rate,usd_aoa_monthly,RandomForest,full_sample,2025-08,918.65,596.4536,322.1965,322.1965
USD/AOA Exchange Rate,usd_aoa_monthly,RandomForest,full_sample,2025-09,918.655,596.3865,322.2685,322.2685
USD/AOA Exchange Rate,usd_aoa_monthly,RandomForest,full_sample,2025-10,918.678,604.1468,314.5311,314.5311
USD/AOA Exchange Rate,usd_aoa_monthly,RandomForest,full_sample,2025-11,918.785,596.5512,322.2338,322.2338
USD/AOA Exchange Rate,usd_aoa_monthly,RandomForest,full_sample,2025-12,918.986,596.5512,322.4348,322.4348
USD/AOA Exchange Rate,usd_aoa_monthly,XGBoost,post_2014,2021-01,651.132,650.5673,0.5647,0.5647
USD/AOA Exchange Rate,usd_aoa_monthly,XGBoost,post_2014,2021-02,647.915,650.2367,-2.3217,2.3217
USD/AOA Exchange Rate,usd_aoa_monthly,XGBoost,post_2014,2021-03,619.23,650.0893,-30.8593,30.8593
USD/AOA Exchange Rate,usd_aoa_monthly,XGBoost,post_2014,2021-04,645.5,643.9584,1.5416,1.5416
USD/AOA Exchange Rate,usd_aoa_monthly,XGBoost,post_2014,2021-05,648.225,652.5653,-4.3403,4.3403
USD/AOA Exchange Rate,usd_aoa_monthly,XGBoost,post_2014,2021-06,645.531,652.7122,-7.1812,7.1812
USD/AOA Exchange Rate,usd_aoa_monthly,XGBoost,post_2014,2021-07,644.0,649.7538,-5.7538,5.7538
USD/AOA Exchange Rate,usd_aoa_monthly,XGBoost,post_2014,2021-08,638.875,650.1652,-11.2902,11.2902
USD/AOA Exchange Rate,usd_aoa_monthly,XGBoost,post_2014,2021-09,618.875,640.8396,-21.9646,21.9646
USD/AOA Exchange Rate,usd_aoa_monthly,XGBoost,post_2014,2021-10,597.402,643.1001,-45.6981,45.6981
USD/AOA Exchange Rate,usd_aoa_monthly,XGBoost,post_2014,2021-11,596.652,624.1466,-27.4946,27.4946
USD/AOA Exchange Rate,usd_aoa_monthly,XGBoost,post_2014,2021-12,569.4,622.2802,-52.8802,52.8802
USD/AOA Exchange Rate,usd_aoa_monthly,XGBoost,post_2014,2022-01,547.8,597.2491,-49.4491,49.4491
USD/AOA Exchange Rate,usd_aoa_monthly,XGBoost,post_2014,2022-02,521.0,580.5613,-59.5613,59.5613
USD/AOA Exchange Rate,usd_aoa_monthly,XGBoost,post_2014,2022-03,453.0,575.9734,-122.9734,122.9734
USD/AOA Exchange Rate,usd_aoa_monthly,XGBoost,post_2014,2022-04,415.831,492.1574,-76.3264,76.3264
USD/AOA Exchange Rate,usd_aoa_monthly,XGBoost,post_2014,2022-05,404.0,454.9588,-50.9588,50.9588
USD/AOA Exchange Rate,usd_aoa_monthly,XGBoost,post_2014,2022-06,421.0,437.0367,-16.0367,16.0367
USD/AOA Exchange Rate,usd_aoa_monthly,XGBoost,post_2014,2022-07,420.0,427.7312,-7.7312,7.7312
USD/AOA Exchange Rate,usd_aoa_monthly,XGBoost,post_2014,2022-08,420.0,427.0969,-7.0969,7.0969
USD/AOA Exchange Rate,usd_aoa_monthly,XGBoost,post_2014,2022-09,420.0,423.7674,-3.7674,3.7674
USD/AOA Exchange Rate,usd_aoa_monthly,XGBoost,post_2014,2022-10,436.0,426.5605,9.4395,9.4395
USD/AOA Exchange Rate,usd_aoa_monthly,XGBoost,post_2014,2022-11,498.3745,463.3122,35.0623,35.0623
USD/AOA Exchange Rate,usd_aoa_monthly,XGBoost,post_2014,2022-12,503.25,531.8238,-28.5738,28.5738
USD/AOA Exchange Rate,usd_aoa_monthly,XGBoost,post_2014,2023-01,503.688,538.395,-34.707,34.707
USD/AOA Exchange Rate,usd_aoa_monthly,XGBoost,post_2014,2023-02,502.25,554.9557,-52.7057,52.7057
USD/AOA Exchange Rate,usd_aoa_monthly,XGBoost,post_2014,2023-03,503.0,555.037,-52.037,52.037
USD/AOA Exchange Rate,usd_aoa_monthly,XGBoost,post_2014,2023-04,503.95,554.8846,-50.9346,50.9346
USD/AOA Exchange Rate,usd_aoa_monthly,XGBoost,post_2014,2023-05,525.2,554.635,-29.435,29.435
USD/AOA Exchange Rate,usd_aoa_monthly,XGBoost,post_2014,2023-06,698.5,556.5446,141.9554,141.9554
USD/AOA Exchange Rate,usd_aoa_monthly,XGBoost,post_2014,2023-07,827.0,626.3039,200.6961,200.6961
USD/AOA Exchange Rate,usd_aoa_monthly,XGBoost,post_2014,2023-08,830.0,627.0602,202.9398,202.9398
USD/AOA Exchange Rate,usd_aoa_monthly,XGBoost,post_2014,2023-09,829.0,648.0724,180.9276,180.9276
USD/AOA Exchange Rate,usd_aoa_monthly,XGBoost,post_2014,2023-10,831.5,644.7192,186.7808,186.7808
USD/AOA Exchange Rate,usd_aoa_monthly,XGBoost,post_2014,2023-11,834.3,644.8391,189.4609,189.4609
USD/AOA Exchange Rate,usd_aoa_monthly,XGBoost,post_2014,2023-12,840.0,646.2839,193.7161,193.7161
USD/AOA Exchange Rate,usd_aoa_monthly,XGBoost,post_2014,2024-01,844.0,647.1163,196.8837,196.8837
USD/AOA Exchange Rate,usd_aoa_monthly,XGBoost,post_2014,2024-02,840.0,647.1867,192.8133,192.8133
USD/AOA Exchange Rate,usd_aoa_monthly,XGBoost,post_2014,2024-03,833.0,647.1134,185.8866,185.8866
USD/AOA Exchange Rate,usd_aoa_monthly,XGBoost,post_2014,2024-04,841.393,647.1573,194.2357,194.2357
USD/AOA Exchange Rate,usd_aoa_monthly,XGBoost,post_2014,2024-05,851.5,647.1745,204.3255,204.3255
USD/AOA Exchange Rate,usd_aoa_monthly,XGBoost,post_2014,2024-06,863.423,647.2038,216.2192,216.2192
USD/AOA Exchange Rate,usd_aoa_monthly,XGBoost,post_2014,2024-07,882.157,649.1406,233.0164,233.0164
USD/AOA Exchange Rate,usd_aoa_monthly,XGBoost,post_2014,2024-08,895.625,647.8101,247.8149,247.8149
USD/AOA Exchange Rate,usd_aoa_monthly,XGBoost,post_2014,2024-09,936.292,647.9402,288.3518,288.3518
USD/AOA Exchange Rate,usd_aoa_monthly,XGBoost,post_2014,2024-10,918.141,648.5671,269.5739,269.5739
USD/AOA Exchange Rate,usd_aoa_monthly,XGBoost,post_2014,2024-11,918.141,648.7771,269.3639,269.3639
USD/AOA Exchange Rate,usd_aoa_monthly,XGBoost,post_2014,2024-12,922.3845,645.3996,276.9849,276.9849
USD/AOA Exchange Rate,usd_aoa_monthly,XGBoost,post_2014,2025-01,912.0,645.3794,266.6206,266.6206
USD/AOA Exchange Rate,usd_aoa_monthly,XGBoost,post_2014,2025-02,912.0,645.5049,266.4951,266.4951
USD/AOA Exchange Rate,usd_aoa_monthly,XGBoost,post_2014,2025-03,912.0,645.4714,266.5286,266.5286
USD/AOA Exchange Rate,usd_aoa_monthly,XGBoost,post_2014,2025-04,912.0,645.1959,266.8041,266.8041
USD/AOA Exchange Rate,usd_aoa_monthly,XGBoost,post_2014,2025-05,921.12,645.1959,275.9241,275.9241
USD/AOA Exchange Rate,usd_aoa_monthly,XGBoost,post_2014,2025-06,921.13,645.2676,275.8624,275.8624
USD/AOA Exchange Rate,usd_aoa_monthly,XGBoost,post_2014,2025-07,918.655,644.9308,273.7242,273.7242
USD/AOA Exchange Rate,usd_aoa_monthly,XGBoost,post_2014,2025-08,918.65,645.3976,273.2524,273.2524
USD/AOA Exchange Rate,usd_aoa_monthly,XGBoost,post_2014,2025-09,918.655,645.1238,273.5312,273.5312
USD/AOA Exchange Rate,usd_aoa_monthly,XGBoost,post_2014,2025-10,918.678,645.2077,273.4703,273.4703
USD/AOA Exchange Rate,usd_aoa_monthly,XGBoost,post_2014,2025-11,918.785,645.4509,273.3341,273.3341
USD/AOA Exchange Rate,usd_aoa_monthly,XGBoost,post_2014,2025-12,918.986,645.1345,273.8515,273.8515
USD/AOA Exchange Rate,usd_aoa_monthly,RandomForest,post_2014,2021-01,651.132,620.226,30.906,30.906
USD/AOA Exchange Rate,usd_aoa_monthly,RandomForest,post_2014,2021-02,647.915,613.5681,34.3469,34.3469
USD/AOA Exchange Rate,usd_aoa_monthly,RandomForest,post_2014,2021-03,619.23,611.2611,7.9689,7.9689
USD/AOA Exchange Rate,usd_aoa_monthly,RandomForest,post_2014,2021-04,645.5,591.8097,53.6903,53.6903
USD/AOA Exchange Rate,usd_aoa_monthly,RandomForest,post_2014,2021-05,648.225,591.5921,56.6329,56.6329
USD/AOA Exchange Rate,usd_aoa_monthly,RandomForest,post_2014,2021-06,645.531,592.9176,52.6134,52.6134
USD/AOA Exchange Rate,usd_aoa_monthly,RandomForest,post_2014,2021-07,644.0,591.5921,52.4079,52.4079
USD/AOA Exchange Rate,usd_aoa_monthly,RandomForest,post_2014,2021-08,638.875,591.5921,47.2829,47.2829
USD/AOA Exchange Rate,usd_aoa_monthly,RandomForest,post_2014,2021-09,618.875,591.5921,27.2829,27.2829
USD/AOA Exchange Rate,usd_aoa_monthly,RandomForest,post_2014,2021-10,597.402,591.5921,5.8099,5.8099
USD/AOA Exchange Rate,usd_aoa_monthly,RandomForest,post_2014,2021-11,596.652,590.6657,5.9863,5.9863
USD/AOA Exchange Rate,usd_aoa_monthly,RandomForest,post_2014,2021-12,569.4,590.6657,-21.2657,21.2657
USD/AOA Exchange Rate,usd_aoa_monthly,RandomForest,post_2014,2022-01,547.8,591.9673,-44.1673,44.1673
USD/AOA Exchange Rate,usd_aoa_monthly,RandomForest,post_2014,2022-02,521.0,593.8165,-72.8165,72.8165
USD/AOA Exchange Rate,usd_aoa_monthly,RandomForest,post_2014,2022-03,453.0,584.3837,-131.3837,131.3837
USD/AOA Exchange Rate,usd_aoa_monthly,RandomForest,post_2014,2022-04,415.831,574.8076,-158.9766,158.9766
USD/AOA Exchange Rate,usd_aoa_monthly,RandomForest,post_2014,2022-05,404.0,560.5813,-156.5813,156.5813
USD/AOA Exchange Rate,usd_aoa_monthly,RandomForest,post_2014,2022-06,421.0,538.1233,-117.1233,117.1233
USD/AOA Exchange Rate,usd_aoa_monthly,RandomForest,post_2014,2022-07,420.0,539.6023,-119.6023,119.6023
USD/AOA Exchange Rate,usd_aoa_monthly,RandomForest,post_2014,2022-08,420.0,533.1289,-113.1289,113.1289
USD/AOA Exchange Rate,usd_aoa_monthly,RandomForest,post_2014,2022-09,420.0,523.3411,-103.3411,103.3411
USD/AOA Exchange Rate,usd_aoa_monthly,RandomForest,post_2014,2022-10,436.0,521.7403,-85.7403,85.7403
USD/AOA Exchange Rate,usd_aoa_monthly,RandomForest,post_2014,2022-11,498.3745,518.081,-19.7065,19.7065
USD/AOA Exchange Rate,usd_aoa_monthly,RandomForest,post_2014,2022-12,503.25,536.1826,-32.9326,32.9326
USD/AOA Exchange Rate,usd_aoa_monthly,RandomForest,post_2014,2023-01,503.688,537.6988,-34.0108,34.0108
USD/AOA Exchange Rate,usd_aoa_monthly,RandomForest,post_2014,2023-02,502.25,563.4495,-61.1995,61.1995
USD/AOA Exchange Rate,usd_aoa_monthly,RandomForest,post_2014,2023-03,503.0,565.0058,-62.0058,62.0058
USD/AOA Exchange Rate,usd_aoa_monthly,RandomForest,post_2014,2023-04,503.95,547.3535,-43.4035,43.4035
USD/AOA Exchange Rate,usd_aoa_monthly,RandomForest,post_2014,2023-05,525.2,552.7542,-27.5542,27.5542
USD/AOA Exchange Rate,usd_aoa_monthly,RandomForest,post_2014,2023-06,698.5,562.2685,136.2315,136.2315
USD/AOA Exchange Rate,usd_aoa_monthly,RandomForest,post_2014,2023-07,827.0,578.7674,248.2326,248.2326
USD/AOA Exchange Rate,usd_aoa_monthly,RandomForest,post_2014,2023-08,830.0,587.9797,242.0203,242.0203
USD/AOA Exchange Rate,usd_aoa_monthly,RandomForest,post_2014,2023-09,829.0,594.2026,234.7974,234.7974
USD/AOA Exchange Rate,usd_aoa_monthly,RandomForest,post_2014,2023-10,831.5,594.7379,236.7621,236.7621
USD/AOA Exchange Rate,usd_aoa_monthly,RandomForest,post_2014,2023-11,834.3,596.4082,237.8918,237.8918
USD/AOA Exchange Rate,usd_aoa_monthly,RandomForest,post_2014,2023-12,840.0,596.4082,243.5918,243.5918
USD/AOA Exchange Rate,usd_aoa_monthly,RandomForest,post_2014,2024-01,844.0,591.5921,252.4079,252.4079
USD/AOA Exchange Rate,usd_aoa_monthly,RandomForest,post_2014,2024-02,840.0,591.5921,248.4079,248.4079
USD/AOA Exchange Rate,usd_aoa_monthly,RandomForest,post_2014,2024-03,833.0,591.5921,241.4079,241.4079
USD/AOA Exchange Rate,usd_aoa_monthly,RandomForest,post_2014,2024-04,841.393,591.5921,249.8009,249.8009
USD/AOA Exchange Rate,usd_aoa_monthly,RandomForest,post_2014,2024-05,851.5,591.5921,259.9079,259.9079
USD/AOA Exchange Rate,usd_aoa_monthly,RandomForest,post_2014,2024-06,863.423,591.5921,271.8309,271.8309
USD/AOA Exchange Rate,usd_aoa_monthly,RandomForest,post_2014,2024-07,882.157,591.5921,290.5649,290.5649
USD/AOA Exchange Rate,usd_aoa_monthly,RandomForest,post_2014,2024-08,895.625,591.4493,304.1757,304.1757
USD/AOA Exchange Rate,usd_aoa_monthly,RandomForest,post_2014,2024-09,936.292,591.4493,344.8427,344.8427
USD/AOA Exchange Rate,usd_aoa_monthly,RandomForest,post_2014,2024-10,918.141,598.7453,319.3957,319.3957
USD/AOA Exchange Rate,usd_aoa_monthly,RandomForest,post_2014,2024-11,918.141,596.4831,321.6579,321.6579
USD/AOA Exchange Rate,usd_aoa_monthly,RandomForest,post_2014,2024-12,922.3845,594.1808,328.2037,328.2037
USD/AOA Exchange Rate,usd_aoa_monthly,RandomForest,post_2014,2025-01,912.0,590.2186,321.7814,321.7814
USD/AOA Exchange Rate,usd_aoa_monthly,RandomForest,post_2014,2025-02,912.0,591.3243,320.6757,320.6757
USD/AOA Exchange Rate,usd_aoa_monthly,RandomForest,post_2014,2025-03,912.0,593.5618,318.4382,318.4382
USD/AOA Exchange Rate,usd_aoa_monthly,RandomForest,post_2014,2025-04,912.0,612.5107,299.4893,299.4893
USD/AOA Exchange Rate,usd_aoa_monthly,RandomForest,post_2014,2025-05,921.12,610.6817,310.4383,310.4383
USD/AOA Exchange Rate,usd_aoa_monthly,RandomForest,post_2014,2025-06,921.13,610.6817,310.4483,310.4483
USD/AOA Exchange Rate,usd_aoa_monthly,RandomForest,post_2014,2025-07,918.655,610.6817,307.9733,307.9733
USD/AOA Exchange Rate,usd_aoa_monthly,RandomForest,post_2014,2025-08,918.65,611.6563,306.9937,306.9937
USD/AOA Exchange Rate,usd_aoa_monthly,RandomForest,post_2014,2025-09,918.655,610.6817,307.9733,307.9733
USD/AOA Exchange Rate,usd_aoa_monthly,RandomForest,post_2014,2025-10,918.678,610.6817,307.9962,307.9962
USD/AOA Exchange Rate,usd_aoa_monthly,RandomForest,post_2014,2025-11,918.785,610.793,307.992,307.992
USD/AOA Exchange Rate,usd_aoa_monthly,RandomForest,post_2014,2025-12,918.986,610.793,308.1931,308.1931
Real Interest Rate,real_interest_rate_monthly,XGBoost,full_sample,2021-01,-11.9794,4.3239,-16.3034,16.3034
Real Interest Rate,real_interest_rate_monthly,XGBoost,full_sample,2021-02,-11.9794,-4.4576,-7.5218,7.5218
Real Interest Rate,real_interest_rate_monthly,XGBoost,full_sample,2021-03,-11.9794,-5.7425,-6.2369,6.2369
Real Interest Rate,real_interest_rate_monthly,XGBoost,full_sample,2021-04,-11.9794,-2.8331,-9.1464,9.1464
Real Interest Rate,real_interest_rate_monthly,XGBoost,full_sample,2021-05,-11.9794,-6.0309,-5.9486,5.9486
Real Interest Rate,real_interest_rate_monthly,XGBoost,full_sample,2021-06,-11.9794,-6.06,-5.9194,5.9194
Real Interest Rate,real_interest_rate_monthly,XGBoost,full_sample,2021-07,-11.9794,-5.943,-6.0365,6.0365
Real Interest Rate,real_interest_rate_monthly,XGBoost,full_sample,2021-08,-11.9794,-5.9538,-6.0256,6.0256
Real Interest Rate,real_interest_rate_monthly,XGBoost,full_sample,2021-09,-11.9794,-5.9569,-6.0225,6.0225
Real Interest Rate,real_interest_rate_monthly,XGBoost,full_sample,2021-10,-11.9794,-6.3282,-5.6513,5.6513
Real Interest Rate,real_interest_rate_monthly,XGBoost,full_sample,2021-11,-11.9794,-6.0942,-5.8852,5.8852
Real Interest Rate,real_interest_rate_monthly,XGBoost,full_sample,2021-12,-11.9794,-6.5903,-5.3891,5.3891
Real Interest Rate,real_interest_rate_monthly,XGBoost,full_sample,2022-01,1.6893,-2.5769,4.2663,4.2663
Real Interest Rate,real_interest_rate_monthly,XGBoost,full_sample,2022-02,1.6893,2.7316,-1.0423,1.0423
Real Interest Rate,real_interest_rate_monthly,XGBoost,full_sample,2022-03,1.6893,4.0684,-2.379,2.379
Real Interest Rate,real_interest_rate_monthly,XGBoost,full_sample,2022-04,1.6893,2.4477,-0.7584,0.7584
Real Interest Rate,real_interest_rate_monthly,XGBoost,full_sample,2022-05,1.6893,2.484,-0.7947,0.7947
Real Interest Rate,real_interest_rate_monthly,XGBoost,full_sample,2022-06,1.6893,2.5365,-0.8472,0.8472
Real Interest Rate,real_interest_rate_monthly,XGBoost,full_sample,2022-07,1.6893,2.8697,-1.1804,1.1804
Real Interest Rate,real_interest_rate_monthly,XGBoost,full_sample,2022-08,1.6893,2.6409,-0.9516,0.9516
Real Interest Rate,real_interest_rate_monthly,XGBoost,full_sample,2022-09,1.6893,3.7037,-2.0144,2.0144
Real Interest Rate,real_interest_rate_monthly,XGBoost,full_sample,2022-10,1.6893,3.6134,-1.9241,1.9241
Real Interest Rate,real_interest_rate_monthly,XGBoost,full_sample,2022-11,1.6893,3.6567,-1.9673,1.9673
Real Interest Rate,real_interest_rate_monthly,XGBoost,full_sample,2022-12,1.6893,3.5598,-1.8705,1.8705
Real Interest Rate,real_interest_rate_monthly,XGBoost,full_sample,2023-01,-0.8551,6.7662,-7.6213,7.6213
Real Interest Rate,real_interest_rate_monthly,XGBoost,full_sample,2023-02,-0.8551,0.5043,-1.3593,1.3593
Real Interest Rate,real_interest_rate_monthly,XGBoost,full_sample,2023-03,-0.8551,-0.0686,-0.7864,0.7864
Real Interest Rate,real_interest_rate_monthly,XGBoost,full_sample,2023-04,-0.8551,-0.709,-0.146,0.146
Real Interest Rate,real_interest_rate_monthly,XGBoost,full_sample,2023-05,-0.8551,-1.4476,0.5926,0.5926
Real Interest Rate,real_interest_rate_monthly,XGBoost,full_sample,2023-06,-0.8551,-1.2823,0.4272,0.4272
Real Interest Rate,real_interest_rate_monthly,XGBoost,full_sample,2023-07,-0.8551,-2.2625,1.4074,1.4074
Real Interest Rate,real_interest_rate_monthly,XGBoost,full_sample,2023-08,-0.8551,-2.059,1.204,1.204
Real Interest Rate,real_interest_rate_monthly,XGBoost,full_sample,2023-09,-0.8551,0.1124,-0.9675,0.9675
Real Interest Rate,real_interest_rate_monthly,XGBoost,full_sample,2023-10,-0.8551,-1.8156,0.9605,0.9605
Real Interest Rate,real_interest_rate_monthly,XGBoost,full_sample,2023-11,-0.8551,-1.8285,0.9734,0.9734
Real Interest Rate,real_interest_rate_monthly,XGBoost,full_sample,2023-12,-0.8551,-2.2886,1.4336,1.4336
Real Interest Rate,real_interest_rate_monthly,XGBoost,full_sample,2024-01,-4.1776,-4.2022,0.0246,0.0246
Real Interest Rate,real_interest_rate_monthly,XGBoost,full_sample,2024-02,-4.1776,-4.4605,0.2829,0.2829
Real Interest Rate,real_interest_rate_monthly,XGBoost,full_sample,2024-03,-4.1776,-4.8506,0.6731,0.6731
Real Interest Rate,real_interest_rate_monthly,XGBoost,full_sample,2024-04,-4.1776,-4.8107,0.6331,0.6331
Real Interest Rate,real_interest_rate_monthly,XGBoost,full_sample,2024-05,-4.1776,-4.8666,0.689,0.689
Real Interest Rate,real_interest_rate_monthly,XGBoost,full_sample,2024-06,-4.1776,-4.8727,0.6952,0.6952
Real Interest Rate,real_interest_rate_monthly,XGBoost,full_sample,2024-07,-4.1776,-4.6743,0.4967,0.4967
Real Interest Rate,real_interest_rate_monthly,XGBoost,full_sample,2024-08,-4.1776,-4.7651,0.5876,0.5876
Real Interest Rate,real_interest_rate_monthly,XGBoost,full_sample,2024-09,-4.1776,-4.7103,0.5328,0.5328
Real Interest Rate,real_interest_rate_monthly,XGBoost,full_sample,2024-10,-4.1776,-4.7292,0.5517,0.5517
Real Interest Rate,real_interest_rate_monthly,XGBoost,full_sample,2024-11,-4.1776,-4.7538,0.5763,0.5763
Real Interest Rate,real_interest_rate_monthly,XGBoost,full_sample,2024-12,-4.1776,-4.7835,0.6059,0.6059
Real Interest Rate,real_interest_rate_monthly,XGBoost,full_sample,2025-01,1.94,-5.359,7.299,7.299
Real Interest Rate,real_interest_rate_monthly,XGBoost,full_sample,2025-02,1.94,0.941,0.999,0.999
Real Interest Rate,real_interest_rate_monthly,XGBoost,full_sample,2025-03,1.94,1.0092,0.9308,0.9308
Real Interest Rate,real_interest_rate_monthly,XGBoost,full_sample,2025-04,1.94,1.5477,0.3923,0.3923
Real Interest Rate,real_interest_rate_monthly,XGBoost,full_sample,2025-05,1.94,1.6566,0.2834,0.2834
Real Interest Rate,real_interest_rate_monthly,XGBoost,full_sample,2025-06,1.94,3.1851,-1.2451,1.2451
Real Interest Rate,real_interest_rate_monthly,XGBoost,full_sample,2025-07,1.94,3.0958,-1.1558,1.1558
Real Interest Rate,real_interest_rate_monthly,XGBoost,full_sample,2025-08,1.94,2.7367,-0.7967,0.7967
Real Interest Rate,real_interest_rate_monthly,XGBoost,full_sample,2025-09,1.94,2.8654,-0.9254,0.9254
Real Interest Rate,real_interest_rate_monthly,XGBoost,full_sample,2025-10,1.94,3.1505,-1.2105,1.2105
Real Interest Rate,real_interest_rate_monthly,XGBoost,full_sample,2025-11,1.94,3.0726,-1.1326,1.1326
Real Interest Rate,real_interest_rate_monthly,XGBoost,full_sample,2025-12,1.94,2.9513,-1.0113,1.0113
Real Interest Rate,real_interest_rate_monthly,RandomForest,full_sample,2021-01,-11.9794,4.9456,-16.925,16.925
Real Interest Rate,real_interest_rate_monthly,RandomForest,full_sample,2021-02,-11.9794,-5.7031,-6.2763,6.2763
Real Interest Rate,real_interest_rate_monthly,RandomForest,full_sample,2021-03,-11.9794,-5.7378,-6.2416,6.2416
Real Interest Rate,real_interest_rate_monthly,RandomForest,full_sample,2021-04,-11.9794,-5.6104,-6.3691,6.3691
Real Interest Rate,real_interest_rate_monthly,RandomForest,full_sample,2021-05,-11.9794,-5.6327,-6.3468,6.3468
Real Interest Rate,real_interest_rate_monthly,RandomForest,full_sample,2021-06,-11.9794,-5.6327,-6.3468,6.3468
Real Interest Rate,real_interest_rate_monthly,RandomForest,full_sample,2021-07,-11.9794,-5.6327,-6.3468,6.3468
Real Interest Rate,real_interest_rate_monthly,RandomForest,full_sample,2021-08,-11.9794,-5.6327,-6.3468,6.3468
Real Interest Rate,real_interest_rate_monthly,RandomForest,full_sample,2021-09,-11.9794,-5.6327,-6.3468,6.3468
Real Interest Rate,real_interest_rate_monthly,RandomForest,full_sample,2021-10,-11.9794,-5.6248,-6.3546,6.3546
Real Interest Rate,real_interest_rate_monthly,RandomForest,full_sample,2021-11,-11.9794,-5.6248,-6.3546,6.3546
Real Interest Rate,real_interest_rate_monthly,RandomForest,full_sample,2021-12,-11.9794,-5.6248,-6.3546,6.3546
Real Interest Rate,real_interest_rate_monthly,RandomForest,full_sample,2022-01,1.6893,-0.4927,2.182,2.182
Real Interest Rate,real_interest_rate_monthly,RandomForest,full_sample,2022-02,1.6893,2.174,-0.4847,0.4847
Real Interest Rate,real_interest_rate_monthly,RandomForest,full_sample,2022-03,1.6893,2.1517,-0.4624,0.4624
Real Interest Rate,real_interest_rate_monthly,RandomForest,full_sample,2022-04,1.6893,2.1352,-0.4459,0.4459
Real Interest Rate,real_interest_rate_monthly,RandomForest,full_sample,2022-05,1.6893,2.147,-0.4577,0.4577
Real Interest Rate,real_interest_rate_monthly,RandomForest,full_sample,2022-06,1.6893,2.3562,-0.6669,0.6669
Real Interest Rate,real_interest_rate_monthly,RandomForest,full_sample,2022-07,1.6893,2.7124,-1.0231,1.0231
Real Interest Rate,real_interest_rate_monthly,RandomForest,full_sample,2022-08,1.6893,2.5502,-0.8609,0.8609
Real Interest Rate,real_interest_rate_monthly,RandomForest,full_sample,2022-09,1.6893,2.5075,-0.8182,0.8182
Real Interest Rate,real_interest_rate_monthly,RandomForest,full_sample,2022-10,1.6893,2.4897,-0.8004,0.8004
Real Interest Rate,real_interest_rate_monthly,RandomForest,full_sample,2022-11,1.6893,2.5075,-0.8182,0.8182
Real Interest Rate,real_interest_rate_monthly,RandomForest,full_sample,2022-12,1.6893,2.5074,-0.8181,0.8181
Real Interest Rate,real_interest_rate_monthly,RandomForest,full_sample,2023-01,-0.8551,4.2623,-5.1174,5.1174
Real Interest Rate,real_interest_rate_monthly,RandomForest,full_sample,2023-02,-0.8551,1.7323,-2.5874,2.5874
Real Interest Rate,real_interest_rate_monthly,RandomForest,full_sample,2023-03,-0.8551,2.1354,-2.9904,2.9904
Real Interest Rate,real_interest_rate_monthly,RandomForest,full_sample,2023-04,-0.8551,2.1238,-2.9789,2.9789
Real Interest Rate,real_interest_rate_monthly,RandomForest,full_sample,2023-05,-0.8551,2.2658,-3.1209,3.1209
Real Interest Rate,real_interest_rate_monthly,RandomForest,full_sample,2023-06,-0.8551,2.3204,-3.1755,3.1755
Real Interest Rate,real_interest_rate_monthly,RandomForest,full_sample,2023-07,-0.8551,2.7815,-3.6365,3.6365
Real Interest Rate,real_interest_rate_monthly,RandomForest,full_sample,2023-08,-0.8551,2.8696,-3.7246,3.7246
Real Interest Rate,real_interest_rate_monthly,RandomForest,full_sample,2023-09,-0.8551,3.0814,-3.9365,3.9365
Real Interest Rate,real_interest_rate_monthly,RandomForest,full_sample,2023-10,-0.8551,3.0616,-3.9167,3.9167
Real Interest Rate,real_interest_rate_monthly,RandomForest,full_sample,2023-11,-0.8551,3.0182,-3.8733,3.8733
Real Interest Rate,real_interest_rate_monthly,RandomForest,full_sample,2023-12,-0.8551,3.0182,-3.8733,3.8733
Real Interest Rate,real_interest_rate_monthly,RandomForest,full_sample,2024-01,-4.1776,0.7845,-4.962,4.962
Real Interest Rate,real_interest_rate_monthly,RandomForest,full_sample,2024-02,-4.1776,-4.9028,0.7252,0.7252
Real Interest Rate,real_interest_rate_monthly,RandomForest,full_sample,2024-03,-4.1776,-4.8894,0.7118,0.7118
Real Interest Rate,real_interest_rate_monthly,RandomForest,full_sample,2024-04,-4.1776,-4.8894,0.7118,0.7118
Real Interest Rate,real_interest_rate_monthly,RandomForest,full_sample,2024-05,-4.1776,-4.8894,0.7118,0.7118
Real Interest Rate,real_interest_rate_monthly,RandomForest,full_sample,2024-06,-4.1776,-4.8894,0.7118,0.7118
Real Interest Rate,real_interest_rate_monthly,RandomForest,full_sample,2024-07,-4.1776,-4.8894,0.7118,0.7118
Real Interest Rate,real_interest_rate_monthly,RandomForest,full_sample,2024-08,-4.1776,-4.8894,0.7118,0.7118
Real Interest Rate,real_interest_rate_monthly,RandomForest,full_sample,2024-09,-4.1776,-4.9106,0.733,0.733
Real Interest Rate,real_interest_rate_monthly,RandomForest,full_sample,2024-10,-4.1776,-4.9106,0.733,0.733
Real Interest Rate,real_interest_rate_monthly,RandomForest,full_sample,2024-11,-4.1776,-4.9106,0.733,0.733
Real Interest Rate,real_interest_rate_monthly,RandomForest,full_sample,2024-12,-4.1776,-4.9106,0.733,0.733
Real Interest Rate,real_interest_rate_monthly,RandomForest,full_sample,2025-01,1.94,-5.044,6.984,6.984
Real Interest Rate,real_interest_rate_monthly,RandomForest,full_sample,2025-02,1.94,2.8881,-0.9481,0.9481
Real Interest Rate,real_interest_rate_monthly,RandomForest,full_sample,2025-03,1.94,2.6191,-0.6791,0.6791
Real Interest Rate,real_interest_rate_monthly,RandomForest,full_sample,2025-04,1.94,2.6545,-0.7145,0.7145
Real Interest Rate,real_interest_rate_monthly,RandomForest,full_sample,2025-05,1.94,2.8951,-0.9551,0.9551
Real Interest Rate,real_interest_rate_monthly,RandomForest,full_sample,2025-06,1.94,3.448,-1.508,1.508
Real Interest Rate,real_interest_rate_monthly,RandomForest,full_sample,2025-07,1.94,3.3739,-1.4339,1.4339
Real Interest Rate,real_interest_rate_monthly,RandomForest,full_sample,2025-08,1.94,3.4033,-1.4633,1.4633
Real Interest Rate,real_interest_rate_monthly,RandomForest,full_sample,2025-09,1.94,3.3086,-1.3686,1.3686
Real Interest Rate,real_interest_rate_monthly,RandomForest,full_sample,2025-10,1.94,3.3112,-1.3712,1.3712
Real Interest Rate,real_interest_rate_monthly,RandomForest,full_sample,2025-11,1.94,3.2677,-1.3277,1.3277
Real Interest Rate,real_interest_rate_monthly,RandomForest,full_sample,2025-12,1.94,3.1483,-1.2083,1.2083
Real Interest Rate,real_interest_rate_monthly,XGBoost,post_2014,2021-01,-11.9794,3.0853,-15.0647,15.0647
Real Interest Rate,real_interest_rate_monthly,XGBoost,post_2014,2021-02,-11.9794,2.5216,-14.501,14.501
Real Interest Rate,real_interest_rate_monthly,XGBoost,post_2014,2021-03,-11.9794,2.3201,-14.2996,14.2996
Real Interest Rate,real_interest_rate_monthly,XGBoost,post_2014,2021-04,-11.9794,2.3422,-14.3217,14.3217
Real Interest Rate,real_interest_rate_monthly,XGBoost,post_2014,2021-05,-11.9794,2.3405,-14.3199,14.3199
Real Interest Rate,real_interest_rate_monthly,XGBoost,post_2014,2021-06,-11.9794,2.3084,-14.2878,14.2878
Real Interest Rate,real_interest_rate_monthly,XGBoost,post_2014,2021-07,-11.9794,2.3585,-14.3379,14.3379
Real Interest Rate,real_interest_rate_monthly,XGBoost,post_2014,2021-08,-11.9794,2.3573,-14.3367,14.3367
Real Interest Rate,real_interest_rate_monthly,XGBoost,post_2014,2021-09,-11.9794,2.3541,-14.3335,14.3335
Real Interest Rate,real_interest_rate_monthly,XGBoost,post_2014,2021-10,-11.9794,2.3642,-14.3436,14.3436
Real Interest Rate,real_interest_rate_monthly,XGBoost,post_2014,2021-11,-11.9794,2.3525,-14.3319,14.3319
Real Interest Rate,real_interest_rate_monthly,XGBoost,post_2014,2021-12,-11.9794,2.3674,-14.3469,14.3469
Real Interest Rate,real_interest_rate_monthly,XGBoost,post_2014,2022-01,1.6893,0.1726,1.5167,1.5167
Real Interest Rate,real_interest_rate_monthly,XGBoost,post_2014,2022-02,1.6893,0.196,1.4933,1.4933
Real Interest Rate,real_interest_rate_monthly,XGBoost,post_2014,2022-03,1.6893,0.2431,1.4462,1.4462
Real Interest Rate,real_interest_rate_monthly,XGBoost,post_2014,2022-04,1.6893,-0.0952,1.7845,1.7845
Real Interest Rate,real_interest_rate_monthly,XGBoost,post_2014,2022-05,1.6893,-0.1261,1.8154,1.8154
Real Interest Rate,real_interest_rate_monthly,XGBoost,post_2014,2022-06,1.6893,-0.1074,1.7967,1.7967
Real Interest Rate,real_interest_rate_monthly,XGBoost,post_2014,2022-07,1.6893,-0.2454,1.9347,1.9347
Real Interest Rate,real_interest_rate_monthly,XGBoost,post_2014,2022-08,1.6893,-0.0947,1.7841,1.7841
Real Interest Rate,real_interest_rate_monthly,XGBoost,post_2014,2022-09,1.6893,-0.0779,1.7672,1.7672
Real Interest Rate,real_interest_rate_monthly,XGBoost,post_2014,2022-10,1.6893,-0.0737,1.763,1.763
Real Interest Rate,real_interest_rate_monthly,XGBoost,post_2014,2022-11,1.6893,-0.0893,1.7786,1.7786
Real Interest Rate,real_interest_rate_monthly,XGBoost,post_2014,2022-12,1.6893,0.0961,1.5932,1.5932
Real Interest Rate,real_interest_rate_monthly,XGBoost,post_2014,2023-01,-0.8551,2.7093,-3.5643,3.5643
Real Interest Rate,real_interest_rate_monthly,XGBoost,post_2014,2023-02,-0.8551,2.4144,-3.2694,3.2694
Real Interest Rate,real_interest_rate_monthly,XGBoost,post_2014,2023-03,-0.8551,2.3994,-3.2545,3.2545
Real Interest Rate,real_interest_rate_monthly,XGBoost,post_2014,2023-04,-0.8551,2.448,-3.303,3.303
Real Interest Rate,real_interest_rate_monthly,XGBoost,post_2014,2023-05,-0.8551,2.4499,-3.3049,3.3049
Real Interest Rate,real_interest_rate_monthly,XGBoost,post_2014,2023-06,-0.8551,2.4945,-3.3496,3.3496
Real Interest Rate,real_interest_rate_monthly,XGBoost,post_2014,2023-07,-0.8551,2.4565,-3.3115,3.3115
Real Interest Rate,real_interest_rate_monthly,XGBoost,post_2014,2023-08,-0.8551,2.8383,-3.6933,3.6933
Real Interest Rate,real_interest_rate_monthly,XGBoost,post_2014,2023-09,-0.8551,2.6629,-3.518,3.518
Real Interest Rate,real_interest_rate_monthly,XGBoost,post_2014,2023-10,-0.8551,2.7654,-3.6205,3.6205
Real Interest Rate,real_interest_rate_monthly,XGBoost,post_2014,2023-11,-0.8551,2.7633,-3.6183,3.6183
Real Interest Rate,real_interest_rate_monthly,XGBoost,post_2014,2023-12,-0.8551,2.7839,-3.639,3.639
Real Interest Rate,real_interest_rate_monthly,XGBoost,post_2014,2024-01,-4.1776,0.4865,-4.6641,4.6641
Real Interest Rate,real_interest_rate_monthly,XGBoost,post_2014,2024-02,-4.1776,0.5101,-4.6877,4.6877
Real Interest Rate,real_interest_rate_monthly,XGBoost,post_2014,2024-03,-4.1776,0.2704,-4.448,4.448
Real Interest Rate,real_interest_rate_monthly,XGBoost,post_2014,2024-04,-4.1776,0.2319,-4.4094,4.4094
Real Interest Rate,real_interest_rate_monthly,XGBoost,post_2014,2024-05,-4.1776,0.2393,-4.4168,4.4168
Real Interest Rate,real_interest_rate_monthly,XGBoost,post_2014,2024-06,-4.1776,0.2561,-4.4336,4.4336
Real Interest Rate,real_interest_rate_monthly,XGBoost,post_2014,2024-07,-4.1776,0.4122,-4.5898,4.5898
Real Interest Rate,real_interest_rate_monthly,XGBoost,post_2014,2024-08,-4.1776,0.4476,-4.6251,4.6251
Real Interest Rate,real_interest_rate_monthly,XGBoost,post_2014,2024-09,-4.1776,0.4534,-4.6309,4.6309
Real Interest Rate,real_interest_rate_monthly,XGBoost,post_2014,2024-10,-4.1776,0.4563,-4.6338,4.6338
Real Interest Rate,real_interest_rate_monthly,XGBoost,post_2014,2024-11,-4.1776,0.1869,-4.3645,4.3645
Real Interest Rate,real_interest_rate_monthly,XGBoost,post_2014,2024-12,-4.1776,0.3795,-4.5571,4.5571
Real Interest Rate,real_interest_rate_monthly,XGBoost,post_2014,2025-01,1.94,-0.0218,1.9618,1.9618
Real Interest Rate,real_interest_rate_monthly,XGBoost,post_2014,2025-02,1.94,0.2832,1.6568,1.6568
Real Interest Rate,real_interest_rate_monthly,XGBoost,post_2014,2025-03,1.94,0.2807,1.6593,1.6593
Real Interest Rate,real_interest_rate_monthly,XGBoost,post_2014,2025-04,1.94,0.0312,1.9088,1.9088
Real Interest Rate,real_interest_rate_monthly,XGBoost,post_2014,2025-05,1.94,0.0221,1.9179,1.9179
Real Interest Rate,real_interest_rate_monthly,XGBoost,post_2014,2025-06,1.94,0.2416,1.6984,1.6984
Real Interest Rate,real_interest_rate_monthly,XGBoost,post_2014,2025-07,1.94,0.0669,1.8731,1.8731
Real Interest Rate,real_interest_rate_monthly,XGBoost,post_2014,2025-08,1.94,-0.0288,1.9688,1.9688
Real Interest Rate,real_interest_rate_monthly,XGBoost,post_2014,2025-09,1.94,-0.003,1.943,1.943
Real Interest Rate,real_interest_rate_monthly,XGBoost,post_2014,2025-10,1.94,0.0318,1.9082,1.9082
Real Interest Rate,real_interest_rate_monthly,XGBoost,post_2014,2025-11,1.94,0.0327,1.9073,1.9073
Real Interest Rate,real_interest_rate_monthly,XGBoost,post_2014,2025-12,1.94,0.0032,1.9368,1.9368
Real Interest Rate,real_interest_rate_monthly,RandomForest,post_2014,2021-01,-11.9794,3.0892,-15.0686,15.0686
Real Interest Rate,real_interest_rate_monthly,RandomForest,post_2014,2021-02,-11.9794,2.0755,-14.0549,14.0549
Real Interest Rate,real_interest_rate_monthly,RandomForest,post_2014,2021-03,-11.9794,1.9626,-13.942,13.942
Real Interest Rate,real_interest_rate_monthly,RandomForest,post_2014,2021-04,-11.9794,1.9387,-13.9182,13.9182
Real Interest Rate,real_interest_rate_monthly,RandomForest,post_2014,2021-05,-11.9794,1.9387,-13.9182,13.9182
Real Interest Rate,real_interest_rate_monthly,RandomForest,post_2014,2021-06,-11.9794,1.9387,-13.9182,13.9182
Real Interest Rate,real_interest_rate_monthly,RandomForest,post_2014,2021-07,-11.9794,1.9387,-13.9182,13.9182
Real Interest Rate,real_interest_rate_monthly,RandomForest,post_2014,2021-08,-11.9794,1.9387,-13.9182,13.9182
Real Interest Rate,real_interest_rate_monthly,RandomForest,post_2014,2021-09,-11.9794,1.9387,-13.9182,13.9182
Real Interest Rate,real_interest_rate_monthly,RandomForest,post_2014,2021-10,-11.9794,1.9406,-13.92,13.92
Real Interest Rate,real_interest_rate_monthly,RandomForest,post_2014,2021-11,-11.9794,1.9406,-13.92,13.92
Real Interest Rate,real_interest_rate_monthly,RandomForest,post_2014,2021-12,-11.9794,1.9452,-13.9247,13.9247
Real Interest Rate,real_interest_rate_monthly,RandomForest,post_2014,2022-01,1.6893,1.4745,0.2148,0.2148
Real Interest Rate,real_interest_rate_monthly,RandomForest,post_2014,2022-02,1.6893,2.3764,-0.6871,0.6871
Real Interest Rate,real_interest_rate_monthly,RandomForest,post_2014,2022-03,1.6893,2.3869,-0.6976,0.6976
Real Interest Rate,real_interest_rate_monthly,RandomForest,post_2014,2022-04,1.6893,1.1727,0.5166,0.5166
Real Interest Rate,real_interest_rate_monthly,RandomForest,post_2014,2022-05,1.6893,1.0894,0.5999,0.5999
Real Interest Rate,real_interest_rate_monthly,RandomForest,post_2014,2022-06,1.6893,0.9924,0.6969,0.6969
Real Interest Rate,real_interest_rate_monthly,RandomForest,post_2014,2022-07,1.6893,1.0222,0.6671,0.6671
Real Interest Rate,real_interest_rate_monthly,RandomForest,post_2014,2022-08,1.6893,1.0324,0.6569,0.6569
Real Interest Rate,real_interest_rate_monthly,RandomForest,post_2014,2022-09,1.6893,1.1402,0.5491,0.5491
Real Interest Rate,real_interest_rate_monthly,RandomForest,post_2014,2022-10,1.6893,1.1402,0.5491,0.5491
Real Interest Rate,real_interest_rate_monthly,RandomForest,post_2014,2022-11,1.6893,1.1521,0.5372,0.5372
Real Interest Rate,real_interest_rate_monthly,RandomForest,post_2014,2022-12,1.6893,1.6758,0.0135,0.0135
Real Interest Rate,real_interest_rate_monthly,RandomForest,post_2014,2023-01,-0.8551,2.1758,-3.0309,3.0309
Real Interest Rate,real_interest_rate_monthly,RandomForest,post_2014,2023-02,-0.8551,1.9972,-2.8523,2.8523
Real Interest Rate,real_interest_rate_monthly,RandomForest,post_2014,2023-03,-0.8551,1.9139,-2.769,2.769
Real Interest Rate,real_interest_rate_monthly,RandomForest,post_2014,2023-04,-0.8551,1.8901,-2.7452,2.7452
Real Interest Rate,real_interest_rate_monthly,RandomForest,post_2014,2023-05,-0.8551,1.8544,-2.7095,2.7095
Real Interest Rate,real_interest_rate_monthly,RandomForest,post_2014,2023-06,-0.8551,1.8306,-2.6857,2.6857
Real Interest Rate,real_interest_rate_monthly,RandomForest,post_2014,2023-07,-0.8551,1.7126,-2.5677,2.5677
Real Interest Rate,real_interest_rate_monthly,RandomForest,post_2014,2023-08,-0.8551,1.7959,-2.651,2.651
Real Interest Rate,real_interest_rate_monthly,RandomForest,post_2014,2023-09,-0.8551,2.5118,-3.3669,3.3669
Real Interest Rate,real_interest_rate_monthly,RandomForest,post_2014,2023-10,-0.8551,2.6249,-3.48,3.48
Real Interest Rate,real_interest_rate_monthly,RandomForest,post_2014,2023-11,-0.8551,2.7083,-3.5633,3.5633
Real Interest Rate,real_interest_rate_monthly,RandomForest,post_2014,2023-12,-0.8551,2.7083,-3.5633,3.5633
Real Interest Rate,real_interest_rate_monthly,RandomForest,post_2014,2024-01,-4.1776,2.7083,-6.8858,6.8858
Real Interest Rate,real_interest_rate_monthly,RandomForest,post_2014,2024-02,-4.1776,2.0993,-6.2769,6.2769
Real Interest Rate,real_interest_rate_monthly,RandomForest,post_2014,2024-03,-4.1776,2.1024,-6.28,6.28
Real Interest Rate,real_interest_rate_monthly,RandomForest,post_2014,2024-04,-4.1776,2.0876,-6.2651,6.2651
Real Interest Rate,real_interest_rate_monthly,RandomForest,post_2014,2024-05,-4.1776,2.0876,-6.2651,6.2651
Real Interest Rate,real_interest_rate_monthly,RandomForest,post_2014,2024-06,-4.1776,2.0876,-6.2651,6.2651
Real Interest Rate,real_interest_rate_monthly,RandomForest,post_2014,2024-07,-4.1776,2.0839,-6.2615,6.2615
Real Interest Rate,real_interest_rate_monthly,RandomForest,post_2014,2024-08,-4.1776,2.0874,-6.265,6.265
Real Interest Rate,real_interest_rate_monthly,RandomForest,post_2014,2024-09,-4.1776,1.3939,-5.5714,5.5714
Real Interest Rate,real_interest_rate_monthly,RandomForest,post_2014,2024-10,-4.1776,1.9019,-6.0794,6.0794
Real Interest Rate,real_interest_rate_monthly,RandomForest,post_2014,2024-11,-4.1776,1.2233,-5.4009,5.4009
Real Interest Rate,real_interest_rate_monthly,RandomForest,post_2014,2024-12,-4.1776,1.3662,-5.5437,5.5437
Real Interest Rate,real_interest_rate_monthly,RandomForest,post_2014,2025-01,1.94,1.509,0.431,0.431
Real Interest Rate,real_interest_rate_monthly,RandomForest,post_2014,2025-02,1.94,2.3035,-0.3635,0.3635
Real Interest Rate,real_interest_rate_monthly,RandomForest,post_2014,2025-03,1.94,1.5893,0.3507,0.3507
Real Interest Rate,real_interest_rate_monthly,RandomForest,post_2014,2025-04,1.94,1.6488,0.2912,0.2912
Real Interest Rate,real_interest_rate_monthly,RandomForest,post_2014,2025-05,1.94,1.6012,0.3388,0.3388
Real Interest Rate,real_interest_rate_monthly,RandomForest,post_2014,2025-06,1.94,1.5357,0.4043,0.4043
Real Interest Rate,real_interest_rate_monthly,RandomForest,post_2014,2025-07,1.94,1.5357,0.4043,0.4043
Real Interest Rate,real_interest_rate_monthly,RandomForest,post_2014,2025-08,1.94,1.5357,0.4043,0.4043
Real Interest Rate,real_interest_rate_monthly,RandomForest,post_2014,2025-09,1.94,1.5357,0.4043,0.4043
Real Interest Rate,real_interest_rate_monthly,RandomForest,post_2014,2025-10,1.94,1.5417,0.3983,0.3983
Real Interest Rate,real_interest_rate_monthly,RandomForest,post_2014,2025-11,1.94,1.5936,0.3464,0.3464
Real Interest Rate,real_interest_rate_monthly,RandomForest,post_2014,2025-12,1.94,1.5936,0.3464,0.3464
Brent Crude Oil,oil_brent_usd_bbl,XGBoost,full_sample,2021-01,55.2248,51.155,4.0698,4.0698
Brent Crude Oil,oil_brent_usd_bbl,XGBoost,full_sample,2021-02,62.3625,50.231,12.1315,12.1315
Brent Crude Oil,oil_brent_usd_bbl,XGBoost,full_sample,2021-03,65.7961,59.1343,6.6618,6.6618
Brent Crude Oil,oil_brent_usd_bbl,XGBoost,full_sample,2021-04,65.5318,65.385,0.1468,0.1468
Brent Crude Oil,oil_brent_usd_bbl,XGBoost,full_sample,2021-05,68.3752,63.1169,5.2583,5.2583
Brent Crude Oil,oil_brent_usd_bbl,XGBoost,full_sample,2021-06,73.5127,67.017,6.4957,6.4957
Brent Crude Oil,oil_brent_usd_bbl,XGBoost,full_sample,2021-07,74.4032,71.0059,3.3972,3.3972
Brent Crude Oil,oil_brent_usd_bbl,XGBoost,full_sample,2021-08,70.5882,70.986,-0.3979,0.3979
Brent Crude Oil,oil_brent_usd_bbl,XGBoost,full_sample,2021-09,74.7495,68.1334,6.6162,6.6162
Brent Crude Oil,oil_brent_usd_bbl,XGBoost,full_sample,2021-10,83.8652,71.1265,12.7387,12.7387
Brent Crude Oil,oil_brent_usd_bbl,XGBoost,full_sample,2021-11,80.8905,76.5681,4.3224,4.3224
Brent Crude Oil,oil_brent_usd_bbl,XGBoost,full_sample,2021-12,74.6783,73.6031,1.0751,1.0751
Brent Crude Oil,oil_brent_usd_bbl,XGBoost,full_sample,2022-01,85.6224,70.8703,14.752,14.752
Brent Crude Oil,oil_brent_usd_bbl,XGBoost,full_sample,2022-02,94.267,78.8501,15.4169,15.4169
Brent Crude Oil,oil_brent_usd_bbl,XGBoost,full_sample,2022-03,112.44,85.25,27.19,27.19
Brent Crude Oil,oil_brent_usd_bbl,XGBoost,full_sample,2022-04,106.1557,100.6345,5.5212,5.5212
Brent Crude Oil,oil_brent_usd_bbl,XGBoost,full_sample,2022-05,112.1136,107.6277,4.486,4.486
Brent Crude Oil,oil_brent_usd_bbl,XGBoost,full_sample,2022-06,117.6927,107.5786,10.1142,10.1142
Brent Crude Oil,oil_brent_usd_bbl,XGBoost,full_sample,2022-07,105.2529,115.048,-9.7951,9.7951
Brent Crude Oil,oil_brent_usd_bbl,XGBoost,full_sample,2022-08,97.643,107.0226,-9.3796,9.3796
Brent Crude Oil,oil_brent_usd_bbl,XGBoost,full_sample,2022-09,90.6082,95.2831,-4.6749,4.6749
Brent Crude Oil,oil_brent_usd_bbl,XGBoost,full_sample,2022-10,93.7186,81.3577,12.3608,12.3608
Brent Crude Oil,oil_brent_usd_bbl,XGBoost,full_sample,2022-11,90.9386,85.6817,5.2569,5.2569
Brent Crude Oil,oil_brent_usd_bbl,XGBoost,full_sample,2022-12,81.5032,79.8359,1.6673,1.6673
Brent Crude Oil,oil_brent_usd_bbl,XGBoost,full_sample,2023-01,84.0818,67.7231,16.3587,16.3587
Brent Crude Oil,oil_brent_usd_bbl,XGBoost,full_sample,2023-02,83.6325,75.2286,8.4039,8.4039
Brent Crude Oil,oil_brent_usd_bbl,XGBoost,full_sample,2023-03,79.2565,77.3135,1.943,1.943
Brent Crude Oil,oil_brent_usd_bbl,XGBoost,full_sample,2023-04,83.536,70.9002,12.6358,12.6358
Brent Crude Oil,oil_brent_usd_bbl,XGBoost,full_sample,2023-05,75.7474,76.7284,-0.981,0.981
Brent Crude Oil,oil_brent_usd_bbl,XGBoost,full_sample,2023-06,74.975,68.5933,6.3817,6.3817
Brent Crude Oil,oil_brent_usd_bbl,XGBoost,full_sample,2023-07,80.109,68.3265,11.7826,11.7826
Brent Crude Oil,oil_brent_usd_bbl,XGBoost,full_sample,2023-08,85.1683,72.7379,12.4304,12.4304
Brent Crude Oil,oil_brent_usd_bbl,XGBoost,full_sample,2023-09,92.6733,75.3871,17.2862,17.2862
Brent Crude Oil,oil_brent_usd_bbl,XGBoost,full_sample,2023-10,88.9477,83.2129,5.7349,5.7349
Brent Crude Oil,oil_brent_usd_bbl,XGBoost,full_sample,2023-11,82.1864,81.7391,0.4472,0.4472
Brent Crude Oil,oil_brent_usd_bbl,XGBoost,full_sample,2023-12,77.541,70.1772,7.3637,7.3637
Brent Crude Oil,oil_brent_usd_bbl,XGBoost,full_sample,2024-01,79.11,68.3355,10.7745,10.7745
Brent Crude Oil,oil_brent_usd_bbl,XGBoost,full_sample,2024-02,81.7957,71.2982,10.4975,10.4975
Brent Crude Oil,oil_brent_usd_bbl,XGBoost,full_sample,2024-03,84.9614,70.0824,14.879,14.879
Brent Crude Oil,oil_brent_usd_bbl,XGBoost,full_sample,2024-04,88.9745,75.4241,13.5505,13.5505
Brent Crude Oil,oil_brent_usd_bbl,XGBoost,full_sample,2024-05,83.0539,85.0002,-1.9463,1.9463
Brent Crude Oil,oil_brent_usd_bbl,XGBoost,full_sample,2024-06,82.9175,80.6462,2.2713,2.2713
Brent Crude Oil,oil_brent_usd_bbl,XGBoost,full_sample,2024-07,84.0487,75.1145,8.9342,8.9342
Brent Crude Oil,oil_brent_usd_bbl,XGBoost,full_sample,2024-08,79.0186,76.1657,2.8529,2.8529
Brent Crude Oil,oil_brent_usd_bbl,XGBoost,full_sample,2024-09,73.0576,71.3238,1.7338,1.7338
Brent Crude Oil,oil_brent_usd_bbl,XGBoost,full_sample,2024-10,75.2665,65.7315,9.535,9.535
Brent Crude Oil,oil_brent_usd_bbl,XGBoost,full_sample,2024-11,73.5086,67.8091,5.6995,5.6995
Brent Crude Oil,oil_brent_usd_bbl,XGBoost,full_sample,2024-12,73.2277,67.3,5.9277,5.9277
Brent Crude Oil,oil_brent_usd_bbl,XGBoost,full_sample,2025-01,78.1939,68.0948,10.0991,10.0991
Brent Crude Oil,oil_brent_usd_bbl,XGBoost,full_sample,2025-02,75.193,70.1035,5.0895,5.0895
Brent Crude Oil,oil_brent_usd_bbl,XGBoost,full_sample,2025-03,71.7414,69.059,2.6824,2.6824
Brent Crude Oil,oil_brent_usd_bbl,XGBoost,full_sample,2025-04,66.9273,66.8932,0.0341,0.0341
Brent Crude Oil,oil_brent_usd_bbl,XGBoost,full_sample,2025-05,64.0927,65.028,-0.9353,0.9353
Brent Crude Oil,oil_brent_usd_bbl,XGBoost,full_sample,2025-06,69.8467,60.7072,9.1395,9.1395
Brent Crude Oil,oil_brent_usd_bbl,XGBoost,full_sample,2025-07,69.5648,64.6051,4.9597,4.9597
Brent Crude Oil,oil_brent_usd_bbl,XGBoost,full_sample,2025-08,67.2443,66.0858,1.1585,1.1585
Brent Crude Oil,oil_brent_usd_bbl,XGBoost,full_sample,2025-09,67.6091,67.4386,0.1705,0.1705
Brent Crude Oil,oil_brent_usd_bbl,XGBoost,full_sample,2025-10,63.9813,66.6817,-2.7004,2.7004
Brent Crude Oil,oil_brent_usd_bbl,XGBoost,full_sample,2025-12,61.8109,59.1972,2.6137,2.6137
Brent Crude Oil,oil_brent_usd_bbl,RandomForest,full_sample,2021-01,55.2248,51.2941,3.9307,3.9307
Brent Crude Oil,oil_brent_usd_bbl,RandomForest,full_sample,2021-02,62.3625,54.2071,8.1554,8.1554
Brent Crude Oil,oil_brent_usd_bbl,RandomForest,full_sample,2021-03,65.7961,63.6809,2.1152,2.1152
Brent Crude Oil,oil_brent_usd_bbl,RandomForest,full_sample,2021-04,65.5318,66.9567,-1.4249,1.4249
Brent Crude Oil,oil_brent_usd_bbl,RandomForest,full_sample,2021-05,68.3752,66.4602,1.9151,1.9151
Brent Crude Oil,oil_brent_usd_bbl,RandomForest,full_sample,2021-06,73.5127,68.0262,5.4866,5.4866
Brent Crude Oil,oil_brent_usd_bbl,RandomForest,full_sample,2021-07,74.4032,71.254,3.1492,3.1492
Brent Crude Oil,oil_brent_usd_bbl,RandomForest,full_sample,2021-08,70.5882,74.2863,-3.6981,3.6981
Brent Crude Oil,oil_brent_usd_bbl,RandomForest,full_sample,2021-09,74.7495,69.3272,5.4224,5.4224
Brent Crude Oil,oil_brent_usd_bbl,RandomForest,full_sample,2021-10,83.8652,77.8068,6.0584,6.0584
Brent Crude Oil,oil_brent_usd_bbl,RandomForest,full_sample,2021-11,80.8905,84.3884,-3.4979,3.4979
Brent Crude Oil,oil_brent_usd_bbl,RandomForest,full_sample,2021-12,74.6783,79.3163,-4.6381,4.6381
Brent Crude Oil,oil_brent_usd_bbl,RandomForest,full_sample,2022-01,85.6224,74.8659,10.7565,10.7565
Brent Crude Oil,oil_brent_usd_bbl,RandomForest,full_sample,2022-02,94.267,88.6738,5.5932,5.5932
Brent Crude Oil,oil_brent_usd_bbl,RandomForest,full_sample,2022-03,112.44,97.1471,15.2929,15.2929
Brent Crude Oil,oil_brent_usd_bbl,RandomForest,full_sample,2022-04,106.1557,116.2626,-10.1069,10.1069
Brent Crude Oil,oil_brent_usd_bbl,RandomForest,full_sample,2022-05,112.1136,115.108,-2.9944,2.9944
Brent Crude Oil,oil_brent_usd_bbl,RandomForest,full_sample,2022-06,117.6927,113.0075,4.6853,4.6853
Brent Crude Oil,oil_brent_usd_bbl,RandomForest,full_sample,2022-07,105.2529,117.0171,-11.7642,11.7642
Brent Crude Oil,oil_brent_usd_bbl,RandomForest,full_sample,2022-08,97.643,111.2775,-13.6345,13.6345
Brent Crude Oil,oil_brent_usd_bbl,RandomForest,full_sample,2022-09,90.6082,96.4715,-5.8633,5.8633
Brent Crude Oil,oil_brent_usd_bbl,RandomForest,full_sample,2022-10,93.7186,93.2515,0.4671,0.4671
Brent Crude Oil,oil_brent_usd_bbl,RandomForest,full_sample,2022-11,90.9386,95.5647,-4.626,4.626
Brent Crude Oil,oil_brent_usd_bbl,RandomForest,full_sample,2022-12,81.5032,94.8416,-13.3384,13.3384
Brent Crude Oil,oil_brent_usd_bbl,RandomForest,full_sample,2023-01,84.0818,78.0584,6.0234,6.0234
Brent Crude Oil,oil_brent_usd_bbl,RandomForest,full_sample,2023-02,83.6325,83.8843,-0.2518,0.2518
Brent Crude Oil,oil_brent_usd_bbl,RandomForest,full_sample,2023-03,79.2565,84.1828,-4.9263,4.9263
Brent Crude Oil,oil_brent_usd_bbl,RandomForest,full_sample,2023-04,83.536,75.7879,7.7481,7.7481
Brent Crude Oil,oil_brent_usd_bbl,RandomForest,full_sample,2023-05,75.7474,84.6101,-8.8627,8.8627
Brent Crude Oil,oil_brent_usd_bbl,RandomForest,full_sample,2023-06,74.975,74.5146,0.4604,0.4604
Brent Crude Oil,oil_brent_usd_bbl,RandomForest,full_sample,2023-07,80.109,73.8092,6.2999,6.2999
Brent Crude Oil,oil_brent_usd_bbl,RandomForest,full_sample,2023-08,85.1683,79.1677,6.0006,6.0006
Brent Crude Oil,oil_brent_usd_bbl,RandomForest,full_sample,2023-09,92.6733,84.3284,8.3449,8.3449
Brent Crude Oil,oil_brent_usd_bbl,RandomForest,full_sample,2023-10,88.9477,94.0834,-5.1356,5.1356
Brent Crude Oil,oil_brent_usd_bbl,RandomForest,full_sample,2023-11,82.1864,89.5573,-7.3709,7.3709
Brent Crude Oil,oil_brent_usd_bbl,RandomForest,full_sample,2023-12,77.541,84.9068,-7.3658,7.3658
Brent Crude Oil,oil_brent_usd_bbl,RandomForest,full_sample,2024-01,79.11,74.2919,4.8181,4.8181
Brent Crude Oil,oil_brent_usd_bbl,RandomForest,full_sample,2024-02,81.7957,75.6311,6.1646,6.1646
Brent Crude Oil,oil_brent_usd_bbl,RandomForest,full_sample,2024-03,84.9614,82.7456,2.2158,2.2158
Brent Crude Oil,oil_brent_usd_bbl,RandomForest,full_sample,2024-04,88.9745,84.4474,4.5271,4.5271
Brent Crude Oil,oil_brent_usd_bbl,RandomForest,full_sample,2024-05,83.0539,88.3283,-5.2744,5.2744
Brent Crude Oil,oil_brent_usd_bbl,RandomForest,full_sample,2024-06,82.9175,84.6245,-1.707,1.707
Brent Crude Oil,oil_brent_usd_bbl,RandomForest,full_sample,2024-07,84.0487,84.3131,-0.2644,0.2644
Brent Crude Oil,oil_brent_usd_bbl,RandomForest,full_sample,2024-08,79.0186,84.7397,-5.7211,5.7211
Brent Crude Oil,oil_brent_usd_bbl,RandomForest,full_sample,2024-09,73.0576,77.4028,-4.3452,4.3452
Brent Crude Oil,oil_brent_usd_bbl,RandomForest,full_sample,2024-10,75.2665,68.3239,6.9426,6.9426
Brent Crude Oil,oil_brent_usd_bbl,RandomForest,full_sample,2024-11,73.5086,75.0602,-1.5517,1.5517
Brent Crude Oil,oil_brent_usd_bbl,RandomForest,full_sample,2024-12,73.2277,69.5201,3.7076,3.7076
Brent Crude Oil,oil_brent_usd_bbl,RandomForest,full_sample,2025-01,78.1939,70.2841,7.9098,7.9098
Brent Crude Oil,oil_brent_usd_bbl,RandomForest,full_sample,2025-02,75.193,76.5645,-1.3715,1.3715
Brent Crude Oil,oil_brent_usd_bbl,RandomForest,full_sample,2025-03,71.7414,75.4401,-3.6987,3.6987
Brent Crude Oil,oil_brent_usd_bbl,RandomForest,full_sample,2025-04,66.9273,67.2874,-0.3601,0.3601
Brent Crude Oil,oil_brent_usd_bbl,RandomForest,full_sample,2025-05,64.0927,65.7789,-1.6862,1.6862
Brent Crude Oil,oil_brent_usd_bbl,RandomForest,full_sample,2025-06,69.8467,59.5267,10.3199,10.3199
Brent Crude Oil,oil_brent_usd_bbl,RandomForest,full_sample,2025-07,69.5648,65.1165,4.4483,4.4483
Brent Crude Oil,oil_brent_usd_bbl,RandomForest,full_sample,2025-08,67.2443,66.181,1.0633,1.0633
Brent Crude Oil,oil_brent_usd_bbl,RandomForest,full_sample,2025-09,67.6091,68.0605,-0.4514,0.4514
Brent Crude Oil,oil_brent_usd_bbl,RandomForest,full_sample,2025-10,63.9813,67.2432,-3.2619,3.2619
Brent Crude Oil,oil_brent_usd_bbl,RandomForest,full_sample,2025-12,61.8109,59.5464,2.2645,2.2645
Brent Crude Oil,oil_brent_usd_bbl,XGBoost,post_2014,2021-01,55.2248,50.1301,5.0946,5.0946
Brent Crude Oil,oil_brent_usd_bbl,XGBoost,post_2014,2021-02,62.3625,50.8413,11.5212,11.5212
Brent Crude Oil,oil_brent_usd_bbl,XGBoost,post_2014,2021-03,65.7961,58.2848,7.5113,7.5113
Brent Crude Oil,oil_brent_usd_bbl,XGBoost,post_2014,2021-04,65.5318,60.0565,5.4753,5.4753
Brent Crude Oil,oil_brent_usd_bbl,XGBoost,post_2014,2021-05,68.3752,61.6077,6.7675,6.7675
Brent Crude Oil,oil_brent_usd_bbl,XGBoost,post_2014,2021-06,73.5127,63.4905,10.0222,10.0222
Brent Crude Oil,oil_brent_usd_bbl,XGBoost,post_2014,2021-07,74.4032,71.352,3.0512,3.0512
Brent Crude Oil,oil_brent_usd_bbl,XGBoost,post_2014,2021-08,70.5882,71.2087,-0.6205,0.6205
Brent Crude Oil,oil_brent_usd_bbl,XGBoost,post_2014,2021-09,74.7495,69.2009,5.5487,5.5487
Brent Crude Oil,oil_brent_usd_bbl,XGBoost,post_2014,2021-10,83.8652,74.0221,9.8431,9.8431
Brent Crude Oil,oil_brent_usd_bbl,XGBoost,post_2014,2021-11,80.8905,69.8582,11.0323,11.0323
Brent Crude Oil,oil_brent_usd_bbl,XGBoost,post_2014,2021-12,74.6783,71.4523,3.226,3.226
Brent Crude Oil,oil_brent_usd_bbl,XGBoost,post_2014,2022-01,85.6224,72.1408,13.4815,13.4815
Brent Crude Oil,oil_brent_usd_bbl,XGBoost,post_2014,2022-02,94.267,68.3532,25.9138,25.9138
Brent Crude Oil,oil_brent_usd_bbl,XGBoost,post_2014,2022-03,112.44,71.8701,40.5699,40.5699
Brent Crude Oil,oil_brent_usd_bbl,XGBoost,post_2014,2022-04,106.1557,92.1741,13.9816,13.9816
Brent Crude Oil,oil_brent_usd_bbl,XGBoost,post_2014,2022-05,112.1136,87.1887,24.9249,24.9249
Brent Crude Oil,oil_brent_usd_bbl,XGBoost,post_2014,2022-06,117.6927,103.0679,14.6248,14.6248
Brent Crude Oil,oil_brent_usd_bbl,XGBoost,post_2014,2022-07,105.2529,98.4324,6.8204,6.8204
Brent Crude Oil,oil_brent_usd_bbl,XGBoost,post_2014,2022-08,97.643,96.4741,1.1689,1.1689
Brent Crude Oil,oil_brent_usd_bbl,XGBoost,post_2014,2022-09,90.6082,78.7457,11.8625,11.8625
Brent Crude Oil,oil_brent_usd_bbl,XGBoost,post_2014,2022-10,93.7186,78.2057,15.5129,15.5129
Brent Crude Oil,oil_brent_usd_bbl,XGBoost,post_2014,2022-11,90.9386,69.0587,21.8799,21.8799
Brent Crude Oil,oil_brent_usd_bbl,XGBoost,post_2014,2022-12,81.5032,70.5977,10.9054,10.9054
Brent Crude Oil,oil_brent_usd_bbl,XGBoost,post_2014,2023-01,84.0818,68.3807,15.7011,15.7011
Brent Crude Oil,oil_brent_usd_bbl,XGBoost,post_2014,2023-02,83.6325,69.2807,14.3518,14.3518
Brent Crude Oil,oil_brent_usd_bbl,XGBoost,post_2014,2023-03,79.2565,71.5126,7.7439,7.7439
Brent Crude Oil,oil_brent_usd_bbl,XGBoost,post_2014,2023-04,83.536,69.7196,13.8164,13.8164
Brent Crude Oil,oil_brent_usd_bbl,XGBoost,post_2014,2023-05,75.7474,71.2173,4.5301,4.5301
Brent Crude Oil,oil_brent_usd_bbl,XGBoost,post_2014,2023-06,74.975,71.2001,3.7749,3.7749
Brent Crude Oil,oil_brent_usd_bbl,XGBoost,post_2014,2023-07,80.109,71.1211,8.9879,8.9879
Brent Crude Oil,oil_brent_usd_bbl,XGBoost,post_2014,2023-08,85.1683,71.3114,13.8568,13.8568
Brent Crude Oil,oil_brent_usd_bbl,XGBoost,post_2014,2023-09,92.6733,70.0469,22.6264,22.6264
Brent Crude Oil,oil_brent_usd_bbl,XGBoost,post_2014,2023-10,88.9477,72.4784,16.4693,16.4693
Brent Crude Oil,oil_brent_usd_bbl,XGBoost,post_2014,2023-11,82.1864,71.892,10.2944,10.2944
Brent Crude Oil,oil_brent_usd_bbl,XGBoost,post_2014,2023-12,77.541,68.1587,9.3822,9.3822
Brent Crude Oil,oil_brent_usd_bbl,XGBoost,post_2014,2024-01,79.11,67.9298,11.1802,11.1802
Brent Crude Oil,oil_brent_usd_bbl,XGBoost,post_2014,2024-02,81.7957,71.18,10.6157,10.6157
Brent Crude Oil,oil_brent_usd_bbl,XGBoost,post_2014,2024-03,84.9614,71.3383,13.6231,13.6231
Brent Crude Oil,oil_brent_usd_bbl,XGBoost,post_2014,2024-04,88.9745,71.6696,17.3049,17.3049
Brent Crude Oil,oil_brent_usd_bbl,XGBoost,post_2014,2024-05,83.0539,74.073,8.9809,8.9809
Brent Crude Oil,oil_brent_usd_bbl,XGBoost,post_2014,2024-06,82.9175,72.5695,10.348,10.348
Brent Crude Oil,oil_brent_usd_bbl,XGBoost,post_2014,2024-07,84.0487,70.487,13.5617,13.5617
Brent Crude Oil,oil_brent_usd_bbl,XGBoost,post_2014,2024-08,79.0186,73.8141,5.2045,5.2045
Brent Crude Oil,oil_brent_usd_bbl,XGBoost,post_2014,2024-09,73.0576,71.155,1.9026,1.9026
Brent Crude Oil,oil_brent_usd_bbl,XGBoost,post_2014,2024-10,75.2665,68.4761,6.7905,6.7905
Brent Crude Oil,oil_brent_usd_bbl,XGBoost,post_2014,2024-11,73.5086,70.236,3.2726,3.2726
Brent Crude Oil,oil_brent_usd_bbl,XGBoost,post_2014,2024-12,73.2277,71.6286,1.5991,1.5991
Brent Crude Oil,oil_brent_usd_bbl,XGBoost,post_2014,2025-01,78.1939,72.4214,5.7725,5.7725
Brent Crude Oil,oil_brent_usd_bbl,XGBoost,post_2014,2025-02,75.193,70.9487,4.2443,4.2443
Brent Crude Oil,oil_brent_usd_bbl,XGBoost,post_2014,2025-03,71.7414,73.0776,-1.3362,1.3362
Brent Crude Oil,oil_brent_usd_bbl,XGBoost,post_2014,2025-04,66.9273,69.6458,-2.7185,2.7185
Brent Crude Oil,oil_brent_usd_bbl,XGBoost,post_2014,2025-05,64.0927,63.6318,0.461,0.461
Brent Crude Oil,oil_brent_usd_bbl,XGBoost,post_2014,2025-06,69.8467,60.1916,9.6551,9.6551
Brent Crude Oil,oil_brent_usd_bbl,XGBoost,post_2014,2025-07,69.5648,63.8387,5.7261,5.7261
Brent Crude Oil,oil_brent_usd_bbl,XGBoost,post_2014,2025-08,67.2443,64.5423,2.702,2.702
Brent Crude Oil,oil_brent_usd_bbl,XGBoost,post_2014,2025-09,67.6091,65.9725,1.6366,1.6366
Brent Crude Oil,oil_brent_usd_bbl,XGBoost,post_2014,2025-10,63.9813,67.0725,-3.0912,3.0912
Brent Crude Oil,oil_brent_usd_bbl,XGBoost,post_2014,2025-12,61.8109,61.1755,0.6354,0.6354
Brent Crude Oil,oil_brent_usd_bbl,RandomForest,post_2014,2021-01,55.2248,49.5898,5.635,5.635
Brent Crude Oil,oil_brent_usd_bbl,RandomForest,post_2014,2021-02,62.3625,52.2584,10.1041,10.1041
Brent Crude Oil,oil_brent_usd_bbl,RandomForest,post_2014,2021-03,65.7961,63.3721,2.424,2.424
Brent Crude Oil,oil_brent_usd_bbl,RandomForest,post_2014,2021-04,65.5318,65.9607,-0.4288,0.4288
Brent Crude Oil,oil_brent_usd_bbl,RandomForest,post_2014,2021-05,68.3752,65.6104,2.7649,2.7649
Brent Crude Oil,oil_brent_usd_bbl,RandomForest,post_2014,2021-06,73.5127,69.6131,3.8996,3.8996
Brent Crude Oil,oil_brent_usd_bbl,RandomForest,post_2014,2021-07,74.4032,74.0083,0.3948,0.3948
Brent Crude Oil,oil_brent_usd_bbl,RandomForest,post_2014,2021-08,70.5882,75.7025,-5.1143,5.1143
Brent Crude Oil,oil_brent_usd_bbl,RandomForest,post_2014,2021-09,74.7495,71.9625,2.787,2.787
Brent Crude Oil,oil_brent_usd_bbl,RandomForest,post_2014,2021-10,83.8652,78.8706,4.9946,4.9946
Brent Crude Oil,oil_brent_usd_bbl,RandomForest,post_2014,2021-11,80.8905,77.9993,2.8912,2.8912
Brent Crude Oil,oil_brent_usd_bbl,RandomForest,post_2014,2021-12,74.6783,78.4037,-3.7254,3.7254
Brent Crude Oil,oil_brent_usd_bbl,RandomForest,post_2014,2022-01,85.6224,78.216,7.4064,7.4064
Brent Crude Oil,oil_brent_usd_bbl,RandomForest,post_2014,2022-02,94.267,77.3316,16.9354,16.9354
Brent Crude Oil,oil_brent_usd_bbl,RandomForest,post_2014,2022-03,112.44,81.1456,31.2944,31.2944
Brent Crude Oil,oil_brent_usd_bbl,RandomForest,post_2014,2022-04,106.1557,87.2208,18.9349,18.9349
Brent Crude Oil,oil_brent_usd_bbl,RandomForest,post_2014,2022-05,112.1136,90.1189,21.9947,21.9947
Brent Crude Oil,oil_brent_usd_bbl,RandomForest,post_2014,2022-06,117.6927,97.6964,19.9964,19.9964
Brent Crude Oil,oil_brent_usd_bbl,RandomForest,post_2014,2022-07,105.2529,100.044,5.2088,5.2088
Brent Crude Oil,oil_brent_usd_bbl,RandomForest,post_2014,2022-08,97.643,101.9763,-4.3332,4.3332
Brent Crude Oil,oil_brent_usd_bbl,RandomForest,post_2014,2022-09,90.6082,101.3,-10.6918,10.6918
Brent Crude Oil,oil_brent_usd_bbl,RandomForest,post_2014,2022-10,93.7186,91.2057,2.5129,2.5129
Brent Crude Oil,oil_brent_usd_bbl,RandomForest,post_2014,2022-11,90.9386,85.6539,5.2847,5.2847
Brent Crude Oil,oil_brent_usd_bbl,RandomForest,post_2014,2022-12,81.5032,81.6017,-0.0985,0.0985
Brent Crude Oil,oil_brent_usd_bbl,RandomForest,post_2014,2023-01,84.0818,77.8359,6.2459,6.2459
Brent Crude Oil,oil_brent_usd_bbl,RandomForest,post_2014,2023-02,83.6325,77.2335,6.399,6.399
Brent Crude Oil,oil_brent_usd_bbl,RandomForest,post_2014,2023-03,79.2565,78.0661,1.1904,1.1904
Brent Crude Oil,oil_brent_usd_bbl,RandomForest,post_2014,2023-04,83.536,77.4982,6.0378,6.0378
Brent Crude Oil,oil_brent_usd_bbl,RandomForest,post_2014,2023-05,75.7474,78.3597,-2.6124,2.6124
Brent Crude Oil,oil_brent_usd_bbl,RandomForest,post_2014,2023-06,74.975,77.6487,-2.6737,2.6737
Brent Crude Oil,oil_brent_usd_bbl,RandomForest,post_2014,2023-07,80.109,77.3785,2.7305,2.7305
Brent Crude Oil,oil_brent_usd_bbl,RandomForest,post_2014,2023-08,85.1683,75.5756,9.5927,9.5927
Brent Crude Oil,oil_brent_usd_bbl,RandomForest,post_2014,2023-09,92.6733,75.5543,17.119,17.119
Brent Crude Oil,oil_brent_usd_bbl,RandomForest,post_2014,2023-10,88.9477,76.3376,12.6101,12.6101
Brent Crude Oil,oil_brent_usd_bbl,RandomForest,post_2014,2023-11,82.1864,77.388,4.7984,4.7984
Brent Crude Oil,oil_brent_usd_bbl,RandomForest,post_2014,2023-12,77.541,76.1401,1.4008,1.4008
Brent Crude Oil,oil_brent_usd_bbl,RandomForest,post_2014,2024-01,79.11,75.8998,3.2102,3.2102
Brent Crude Oil,oil_brent_usd_bbl,RandomForest,post_2014,2024-02,81.7957,76.0559,5.7399,5.7399
Brent Crude Oil,oil_brent_usd_bbl,RandomForest,post_2014,2024-03,84.9614,75.6405,9.3209,9.3209
Brent Crude Oil,oil_brent_usd_bbl,RandomForest,post_2014,2024-04,88.9745,74.0221,14.9524,14.9524
Brent Crude Oil,oil_brent_usd_bbl,RandomForest,post_2014,2024-05,83.0539,74.8072,8.2467,8.2467
Brent Crude Oil,oil_brent_usd_bbl,RandomForest,post_2014,2024-06,82.9175,74.4398,8.4777,8.4777
Brent Crude Oil,oil_brent_usd_bbl,RandomForest,post_2014,2024-07,84.0487,74.5662,9.4825,9.4825
Brent Crude Oil,oil_brent_usd_bbl,RandomForest,post_2014,2024-08,79.0186,75.0122,4.0064,4.0064
Brent Crude Oil,oil_brent_usd_bbl,RandomForest,post_2014,2024-09,73.0576,77.2318,-4.1742,4.1742
Brent Crude Oil,oil_brent_usd_bbl,RandomForest,post_2014,2024-10,75.2665,72.9754,2.2911,2.2911
Brent Crude Oil,oil_brent_usd_bbl,RandomForest,post_2014,2024-11,73.5086,76.7984,-3.2898,3.2898
Brent Crude Oil,oil_brent_usd_bbl,RandomForest,post_2014,2024-12,73.2277,76.1626,-2.9348,2.9348
Brent Crude Oil,oil_brent_usd_bbl,RandomForest,post_2014,2025-01,78.1939,77.0728,1.1211,1.1211
Brent Crude Oil,oil_brent_usd_bbl,RandomForest,post_2014,2025-02,75.193,76.5993,-1.4063,1.4063
Brent Crude Oil,oil_brent_usd_bbl,RandomForest,post_2014,2025-03,71.7414,76.8991,-5.1577,5.1577
Brent Crude Oil,oil_brent_usd_bbl,RandomForest,post_2014,2025-04,66.9273,76.0107,-9.0835,9.0835
Brent Crude Oil,oil_brent_usd_bbl,RandomForest,post_2014,2025-05,64.0927,70.3795,-6.2867,6.2867
Brent Crude Oil,oil_brent_usd_bbl,RandomForest,post_2014,2025-06,69.8467,64.1687,5.678,5.678
Brent Crude Oil,oil_brent_usd_bbl,RandomForest,post_2014,2025-07,69.5648,69.8184,-0.2536,0.2536
Brent Crude Oil,oil_brent_usd_bbl,RandomForest,post_2014,2025-08,67.2443,70.3465,-3.1022,3.1022
Brent Crude Oil,oil_brent_usd_bbl,RandomForest,post_2014,2025-09,67.6091,70.7012,-3.0922,3.0922
Brent Crude Oil,oil_brent_usd_bbl,RandomForest,post_2014,2025-10,63.9813,71.2504,-7.2691,7.2691
Brent Crude Oil,oil_brent_usd_bbl,RandomForest,post_2014,2025-12,61.8109,64.0286,-2.2177,2.2177
Natural Gas (EU),nat_gas_usd_mmbtu,XGBoost,full_sample,2021-01,7.3028,5.7126,1.5902,1.5902
Natural Gas (EU),nat_gas_usd_mmbtu,XGBoost,full_sample,2021-02,6.1713,6.4832,-0.3118,0.3118
Natural Gas (EU),nat_gas_usd_mmbtu,XGBoost,full_sample,2021-03,6.2052,6.3874,-0.1822,0.1822
Natural Gas (EU),nat_gas_usd_mmbtu,XGBoost,full_sample,2021-04,7.2827,6.7036,0.5791,0.5791
Natural Gas (EU),nat_gas_usd_mmbtu,XGBoost,full_sample,2021-05,9.0047,6.8552,2.1495,2.1495
Natural Gas (EU),nat_gas_usd_mmbtu,XGBoost,full_sample,2021-06,10.3241,7.6667,2.6574,2.6574
Natural Gas (EU),nat_gas_usd_mmbtu,XGBoost,full_sample,2021-07,12.5242,8.7082,3.816,3.816
Natural Gas (EU),nat_gas_usd_mmbtu,XGBoost,full_sample,2021-08,15.279,10.9255,4.3536,4.3536
Natural Gas (EU),nat_gas_usd_mmbtu,XGBoost,full_sample,2021-09,22.2328,12.5413,9.6915,9.6915
Natural Gas (EU),nat_gas_usd_mmbtu,XGBoost,full_sample,2021-10,29.8141,13.4999,16.3142,16.3142
Natural Gas (EU),nat_gas_usd_mmbtu,XGBoost,full_sample,2021-11,27.3838,12.7122,14.6716,14.6716
Natural Gas (EU),nat_gas_usd_mmbtu,XGBoost,full_sample,2021-12,37.3634,12.8224,24.541,24.541
Natural Gas (EU),nat_gas_usd_mmbtu,XGBoost,full_sample,2022-01,27.8909,12.8276,15.0633,15.0633
Natural Gas (EU),nat_gas_usd_mmbtu,XGBoost,full_sample,2022-02,26.9843,12.3474,14.6369,14.6369
Natural Gas (EU),nat_gas_usd_mmbtu,XGBoost,full_sample,2022-03,41.7277,12.465,29.2627,29.2627
Natural Gas (EU),nat_gas_usd_mmbtu,XGBoost,full_sample,2022-04,31.9899,12.5377,19.4522,19.4522
Natural Gas (EU),nat_gas_usd_mmbtu,XGBoost,full_sample,2022-05,27.4642,12.4288,15.0354,15.0354
Natural Gas (EU),nat_gas_usd_mmbtu,XGBoost,full_sample,2022-06,32.9126,12.4195,20.4931,20.4931
Natural Gas (EU),nat_gas_usd_mmbtu,XGBoost,full_sample,2022-07,51.1459,11.7205,39.4254,39.4254
Natural Gas (EU),nat_gas_usd_mmbtu,XGBoost,full_sample,2022-08,69.9772,11.788,58.1892,58.1892
Natural Gas (EU),nat_gas_usd_mmbtu,XGBoost,full_sample,2022-09,55.1791,11.5299,43.6493,43.6493
Natural Gas (EU),nat_gas_usd_mmbtu,XGBoost,full_sample,2022-10,20.8066,11.6715,9.1351,9.1351
Natural Gas (EU),nat_gas_usd_mmbtu,XGBoost,full_sample,2022-11,28.7908,11.7248,17.066,17.066
Natural Gas (EU),nat_gas_usd_mmbtu,XGBoost,full_sample,2022-12,35.3687,11.6776,23.6911,23.6911
Natural Gas (EU),nat_gas_usd_mmbtu,XGBoost,full_sample,2023-01,19.8862,11.7127,8.1735,8.1735
Natural Gas (EU),nat_gas_usd_mmbtu,XGBoost,full_sample,2023-02,16.7373,11.6736,5.0636,5.0636
Natural Gas (EU),nat_gas_usd_mmbtu,XGBoost,full_sample,2023-03,13.8704,11.7089,2.1615,2.1615
Natural Gas (EU),nat_gas_usd_mmbtu,XGBoost,full_sample,2023-04,13.684,10.7643,2.9197,2.9197
Natural Gas (EU),nat_gas_usd_mmbtu,XGBoost,full_sample,2023-05,9.97,10.7695,-0.7994,0.7994
Natural Gas (EU),nat_gas_usd_mmbtu,XGBoost,full_sample,2023-06,10.2937,9.2536,1.0401,1.0401
Natural Gas (EU),nat_gas_usd_mmbtu,XGBoost,full_sample,2023-07,9.6117,9.5366,0.0751,0.0751
Natural Gas (EU),nat_gas_usd_mmbtu,XGBoost,full_sample,2023-08,10.7174,8.6898,2.0276,2.0276
Natural Gas (EU),nat_gas_usd_mmbtu,XGBoost,full_sample,2023-09,11.4279,10.0331,1.3948,1.3948
Natural Gas (EU),nat_gas_usd_mmbtu,XGBoost,full_sample,2023-10,13.3888,10.7929,2.5959,2.5959
Natural Gas (EU),nat_gas_usd_mmbtu,XGBoost,full_sample,2023-11,13.7143,11.8239,1.8905,1.8905
Natural Gas (EU),nat_gas_usd_mmbtu,XGBoost,full_sample,2023-12,11.2963,12.026,-0.7297,0.7297
Natural Gas (EU),nat_gas_usd_mmbtu,XGBoost,full_sample,2024-01,9.5312,11.1169,-1.5857,1.5857
Natural Gas (EU),nat_gas_usd_mmbtu,XGBoost,full_sample,2024-02,8.0982,9.4905,-1.3924,1.3924
Natural Gas (EU),nat_gas_usd_mmbtu,XGBoost,full_sample,2024-03,8.511,8.6249,-0.1139,0.1139
Natural Gas (EU),nat_gas_usd_mmbtu,XGBoost,full_sample,2024-04,9.1296,8.0011,1.1285,1.1285
Natural Gas (EU),nat_gas_usd_mmbtu,XGBoost,full_sample,2024-05,10.1096,8.398,1.7116,1.7116
Natural Gas (EU),nat_gas_usd_mmbtu,XGBoost,full_sample,2024-06,10.8066,9.424,1.3827,1.3827
Natural Gas (EU),nat_gas_usd_mmbtu,XGBoost,full_sample,2024-07,10.2398,9.9795,0.2603,0.2603
Natural Gas (EU),nat_gas_usd_mmbtu,XGBoost,full_sample,2024-08,12.1938,10.3397,1.8541,1.8541
Natural Gas (EU),nat_gas_usd_mmbtu,XGBoost,full_sample,2024-09,11.7508,11.3892,0.3616,0.3616
Natural Gas (EU),nat_gas_usd_mmbtu,XGBoost,full_sample,2024-10,12.755,11.1515,1.6035,1.6035
Natural Gas (EU),nat_gas_usd_mmbtu,XGBoost,full_sample,2024-11,13.811,12.1757,1.6353,1.6353
Natural Gas (EU),nat_gas_usd_mmbtu,XGBoost,full_sample,2024-12,13.757,12.1272,1.6298,1.6298
Natural Gas (EU),nat_gas_usd_mmbtu,XGBoost,full_sample,2025-01,14.7591,12.6011,2.158,2.158
Natural Gas (EU),nat_gas_usd_mmbtu,XGBoost,full_sample,2025-02,15.3764,13.5295,1.8469,1.8469
Natural Gas (EU),nat_gas_usd_mmbtu,XGBoost,full_sample,2025-03,13.156,13.7148,-0.5588,0.5588
Natural Gas (EU),nat_gas_usd_mmbtu,XGBoost,full_sample,2025-04,11.572,12.1644,-0.5925,0.5925
Natural Gas (EU),nat_gas_usd_mmbtu,XGBoost,full_sample,2025-05,11.6238,11.2375,0.3863,0.3863
Natural Gas (EU),nat_gas_usd_mmbtu,XGBoost,full_sample,2025-06,12.3006,11.1721,1.1285,1.1285
Natural Gas (EU),nat_gas_usd_mmbtu,XGBoost,full_sample,2025-07,11.4706,11.2281,0.2426,0.2426
Natural Gas (EU),nat_gas_usd_mmbtu,XGBoost,full_sample,2025-08,10.9752,10.1272,0.848,0.848
Natural Gas (EU),nat_gas_usd_mmbtu,XGBoost,full_sample,2025-09,11.003,10.4066,0.5964,0.5964
Natural Gas (EU),nat_gas_usd_mmbtu,XGBoost,full_sample,2025-10,10.897,10.4185,0.4785,0.4785
Natural Gas (EU),nat_gas_usd_mmbtu,XGBoost,full_sample,2025-12,9.46,9.6952,-0.2352,0.2352
Natural Gas (EU),nat_gas_usd_mmbtu,RandomForest,full_sample,2021-01,7.3028,5.4978,1.805,1.805
Natural Gas (EU),nat_gas_usd_mmbtu,RandomForest,full_sample,2021-02,6.1713,6.8924,-0.7211,0.7211
Natural Gas (EU),nat_gas_usd_mmbtu,RandomForest,full_sample,2021-03,6.2052,6.2389,-0.0337,0.0337
Natural Gas (EU),nat_gas_usd_mmbtu,RandomForest,full_sample,2021-04,7.2827,6.3058,0.9769,0.9769
Natural Gas (EU),nat_gas_usd_mmbtu,RandomForest,full_sample,2021-05,9.0047,7.0134,1.9913,1.9913
Natural Gas (EU),nat_gas_usd_mmbtu,RandomForest,full_sample,2021-06,10.3241,8.106,2.2181,2.2181
Natural Gas (EU),nat_gas_usd_mmbtu,RandomForest,full_sample,2021-07,12.5242,10.013,2.5112,2.5112
Natural Gas (EU),nat_gas_usd_mmbtu,RandomForest,full_sample,2021-08,15.279,11.7211,3.5579,3.5579
Natural Gas (EU),nat_gas_usd_mmbtu,RandomForest,full_sample,2021-09,22.2328,12.6331,9.5997,9.5997
Natural Gas (EU),nat_gas_usd_mmbtu,RandomForest,full_sample,2021-10,29.8141,12.7295,17.0846,17.0846
Natural Gas (EU),nat_gas_usd_mmbtu,RandomForest,full_sample,2021-11,27.3838,12.7305,14.6534,14.6534
Natural Gas (EU),nat_gas_usd_mmbtu,RandomForest,full_sample,2021-12,37.3634,12.7414,24.622,24.622
Natural Gas (EU),nat_gas_usd_mmbtu,RandomForest,full_sample,2022-01,27.8909,12.7945,15.0965,15.0965
Natural Gas (EU),nat_gas_usd_mmbtu,RandomForest,full_sample,2022-02,26.9843,12.7692,14.2151,14.2151
Natural Gas (EU),nat_gas_usd_mmbtu,RandomForest,full_sample,2022-03,41.7277,12.7495,28.9782,28.9782
Natural Gas (EU),nat_gas_usd_mmbtu,RandomForest,full_sample,2022-04,31.9899,12.9425,19.0474,19.0474
Natural Gas (EU),nat_gas_usd_mmbtu,RandomForest,full_sample,2022-05,27.4642,13.1497,14.3145,14.3145
Natural Gas (EU),nat_gas_usd_mmbtu,RandomForest,full_sample,2022-06,32.9126,13.0953,19.8173,19.8173
Natural Gas (EU),nat_gas_usd_mmbtu,RandomForest,full_sample,2022-07,51.1459,13.0196,38.1263,38.1263
Natural Gas (EU),nat_gas_usd_mmbtu,RandomForest,full_sample,2022-08,69.9772,12.9202,57.057,57.057
Natural Gas (EU),nat_gas_usd_mmbtu,RandomForest,full_sample,2022-09,55.1791,12.9139,42.2652,42.2652
Natural Gas (EU),nat_gas_usd_mmbtu,RandomForest,full_sample,2022-10,20.8066,12.8596,7.947,7.947
Natural Gas (EU),nat_gas_usd_mmbtu,RandomForest,full_sample,2022-11,28.7908,12.859,15.9318,15.9318
Natural Gas (EU),nat_gas_usd_mmbtu,RandomForest,full_sample,2022-12,35.3687,12.6947,22.674,22.674
Natural Gas (EU),nat_gas_usd_mmbtu,RandomForest,full_sample,2023-01,19.8862,12.842,7.0442,7.0442
Natural Gas (EU),nat_gas_usd_mmbtu,RandomForest,full_sample,2023-02,16.7373,12.6803,4.0569,4.0569
Natural Gas (EU),nat_gas_usd_mmbtu,RandomForest,full_sample,2023-03,13.8704,12.5377,1.3327,1.3327
Natural Gas (EU),nat_gas_usd_mmbtu,RandomForest,full_sample,2023-04,13.684,12.5496,1.1343,1.1343
Natural Gas (EU),nat_gas_usd_mmbtu,RandomForest,full_sample,2023-05,9.97,12.5496,-2.5796,2.5796
Natural Gas (EU),nat_gas_usd_mmbtu,RandomForest,full_sample,2023-06,10.2937,10.3258,-0.0321,0.0321
Natural Gas (EU),nat_gas_usd_mmbtu,RandomForest,full_sample,2023-07,9.6117,10.5273,-0.9156,0.9156
Natural Gas (EU),nat_gas_usd_mmbtu,RandomForest,full_sample,2023-08,10.7174,8.8831,1.8343,1.8343
Natural Gas (EU),nat_gas_usd_mmbtu,RandomForest,full_sample,2023-09,11.4279,10.5296,0.8983,0.8983
Natural Gas (EU),nat_gas_usd_mmbtu,RandomForest,full_sample,2023-10,13.3888,10.9188,2.47,2.47
Natural Gas (EU),nat_gas_usd_mmbtu,RandomForest,full_sample,2023-11,13.7143,11.6872,2.0271,2.0271
Natural Gas (EU),nat_gas_usd_mmbtu,RandomForest,full_sample,2023-12,11.2963,12.686,-1.3897,1.3897
Natural Gas (EU),nat_gas_usd_mmbtu,RandomForest,full_sample,2024-01,9.5312,11.0737,-1.5425,1.5425
Natural Gas (EU),nat_gas_usd_mmbtu,RandomForest,full_sample,2024-02,8.0982,9.4996,-1.4014,1.4014
Natural Gas (EU),nat_gas_usd_mmbtu,RandomForest,full_sample,2024-03,8.511,8.3479,0.1631,0.1631
Natural Gas (EU),nat_gas_usd_mmbtu,RandomForest,full_sample,2024-04,9.1296,8.2717,0.8579,0.8579
Natural Gas (EU),nat_gas_usd_mmbtu,RandomForest,full_sample,2024-05,10.1096,9.144,0.9656,0.9656
Natural Gas (EU),nat_gas_usd_mmbtu,RandomForest,full_sample,2024-06,10.8066,10.3329,0.4737,0.4737
Natural Gas (EU),nat_gas_usd_mmbtu,RandomForest,full_sample,2024-07,10.2398,10.6315,-0.3918,0.3918
Natural Gas (EU),nat_gas_usd_mmbtu,RandomForest,full_sample,2024-08,12.1938,10.3882,1.8057,1.8057
Natural Gas (EU),nat_gas_usd_mmbtu,RandomForest,full_sample,2024-09,11.7508,11.537,0.2138,0.2138
Natural Gas (EU),nat_gas_usd_mmbtu,RandomForest,full_sample,2024-10,12.755,11.0051,1.7499,1.7499
Natural Gas (EU),nat_gas_usd_mmbtu,RandomForest,full_sample,2024-11,13.811,11.5623,2.2487,2.2487
Natural Gas (EU),nat_gas_usd_mmbtu,RandomForest,full_sample,2024-12,13.757,12.3313,1.4257,1.4257
Natural Gas (EU),nat_gas_usd_mmbtu,RandomForest,full_sample,2025-01,14.7591,12.6752,2.0839,2.0839
Natural Gas (EU),nat_gas_usd_mmbtu,RandomForest,full_sample,2025-02,15.3764,12.6211,2.7552,2.7552
Natural Gas (EU),nat_gas_usd_mmbtu,RandomForest,full_sample,2025-03,13.156,12.7102,0.4458,0.4458
Natural Gas (EU),nat_gas_usd_mmbtu,RandomForest,full_sample,2025-04,11.572,12.0513,-0.4794,0.4794
Natural Gas (EU),nat_gas_usd_mmbtu,RandomForest,full_sample,2025-05,11.6238,11.4574,0.1664,0.1664
Natural Gas (EU),nat_gas_usd_mmbtu,RandomForest,full_sample,2025-06,12.3006,11.0386,1.262,1.262
Natural Gas (EU),nat_gas_usd_mmbtu,RandomForest,full_sample,2025-07,11.4706,11.6731,-0.2025,0.2025
Natural Gas (EU),nat_gas_usd_mmbtu,RandomForest,full_sample,2025-08,10.9752,10.8343,0.1409,0.1409
Natural Gas (EU),nat_gas_usd_mmbtu,RandomForest,full_sample,2025-09,11.003,10.5734,0.4296,0.4296
Natural Gas (EU),nat_gas_usd_mmbtu,RandomForest,full_sample,2025-10,10.897,10.6086,0.2884,0.2884
Natural Gas (EU),nat_gas_usd_mmbtu,RandomForest,full_sample,2025-12,9.46,10.2573,-0.7973,0.7973
Natural Gas (EU),nat_gas_usd_mmbtu,XGBoost,post_2014,2021-01,7.3028,5.5941,1.7087,1.7087
Natural Gas (EU),nat_gas_usd_mmbtu,XGBoost,post_2014,2021-02,6.1713,6.2614,-0.0901,0.0901
Natural Gas (EU),nat_gas_usd_mmbtu,XGBoost,post_2014,2021-03,6.2052,5.7274,0.4778,0.4778
Natural Gas (EU),nat_gas_usd_mmbtu,XGBoost,post_2014,2021-04,7.2827,5.8683,1.4144,1.4144
Natural Gas (EU),nat_gas_usd_mmbtu,XGBoost,post_2014,2021-05,9.0047,6.8461,2.1586,2.1586
Natural Gas (EU),nat_gas_usd_mmbtu,XGBoost,post_2014,2021-06,10.3241,7.2699,3.0542,3.0542
Natural Gas (EU),nat_gas_usd_mmbtu,XGBoost,post_2014,2021-07,12.5242,7.913,4.6112,4.6112
Natural Gas (EU),nat_gas_usd_mmbtu,XGBoost,post_2014,2021-08,15.279,8.388,6.8911,6.8911
Natural Gas (EU),nat_gas_usd_mmbtu,XGBoost,post_2014,2021-09,22.2328,8.4022,13.8306,13.8306
Natural Gas (EU),nat_gas_usd_mmbtu,XGBoost,post_2014,2021-10,29.8141,8.4189,21.3953,21.3953
Natural Gas (EU),nat_gas_usd_mmbtu,XGBoost,post_2014,2021-11,27.3838,8.7665,18.6174,18.6174
Natural Gas (EU),nat_gas_usd_mmbtu,XGBoost,post_2014,2021-12,37.3634,8.7571,28.6063,28.6063
Natural Gas (EU),nat_gas_usd_mmbtu,XGBoost,post_2014,2022-01,27.8909,8.8996,18.9914,18.9914
Natural Gas (EU),nat_gas_usd_mmbtu,XGBoost,post_2014,2022-02,26.9843,9.1882,17.7961,17.7961
Natural Gas (EU),nat_gas_usd_mmbtu,XGBoost,post_2014,2022-03,41.7277,9.1562,32.5714,32.5714
Natural Gas (EU),nat_gas_usd_mmbtu,XGBoost,post_2014,2022-04,31.9899,8.4464,23.5435,23.5435
Natural Gas (EU),nat_gas_usd_mmbtu,XGBoost,post_2014,2022-05,27.4642,9.1962,18.2679,18.2679
Natural Gas (EU),nat_gas_usd_mmbtu,XGBoost,post_2014,2022-06,32.9126,9.2216,23.691,23.691
Natural Gas (EU),nat_gas_usd_mmbtu,XGBoost,post_2014,2022-07,51.1459,8.5889,42.557,42.557
Natural Gas (EU),nat_gas_usd_mmbtu,XGBoost,post_2014,2022-08,69.9772,9.3903,60.5869,60.5869
Natural Gas (EU),nat_gas_usd_mmbtu,XGBoost,post_2014,2022-09,55.1791,9.3875,45.7916,45.7916
Natural Gas (EU),nat_gas_usd_mmbtu,XGBoost,post_2014,2022-10,20.8066,9.356,11.4506,11.4506
Natural Gas (EU),nat_gas_usd_mmbtu,XGBoost,post_2014,2022-11,28.7908,9.3519,19.4389,19.4389
Natural Gas (EU),nat_gas_usd_mmbtu,XGBoost,post_2014,2022-12,35.3687,9.3499,26.0188,26.0188
Natural Gas (EU),nat_gas_usd_mmbtu,XGBoost,post_2014,2023-01,19.8862,9.3556,10.5306,10.5306
Natural Gas (EU),nat_gas_usd_mmbtu,XGBoost,post_2014,2023-02,16.7373,9.325,7.4123,7.4123
Natural Gas (EU),nat_gas_usd_mmbtu,XGBoost,post_2014,2023-03,13.8704,9.3496,4.5208,4.5208
Natural Gas (EU),nat_gas_usd_mmbtu,XGBoost,post_2014,2023-04,13.684,9.3296,4.3544,4.3544
Natural Gas (EU),nat_gas_usd_mmbtu,XGBoost,post_2014,2023-05,9.97,9.3522,0.6178,0.6178
Natural Gas (EU),nat_gas_usd_mmbtu,XGBoost,post_2014,2023-06,10.2937,8.8893,1.4045,1.4045
Natural Gas (EU),nat_gas_usd_mmbtu,XGBoost,post_2014,2023-07,9.6117,8.8846,0.7271,0.7271
Natural Gas (EU),nat_gas_usd_mmbtu,XGBoost,post_2014,2023-08,10.7174,9.2087,1.5087,1.5087
Natural Gas (EU),nat_gas_usd_mmbtu,XGBoost,post_2014,2023-09,11.4279,9.373,2.0549,2.0549
Natural Gas (EU),nat_gas_usd_mmbtu,XGBoost,post_2014,2023-10,13.3888,9.3476,4.0412,4.0412
Natural Gas (EU),nat_gas_usd_mmbtu,XGBoost,post_2014,2023-11,13.7143,8.9894,4.7249,4.7249
Natural Gas (EU),nat_gas_usd_mmbtu,XGBoost,post_2014,2023-12,11.2963,9.015,2.2812,2.2812
Natural Gas (EU),nat_gas_usd_mmbtu,XGBoost,post_2014,2024-01,9.5312,8.7794,0.7517,0.7517
Natural Gas (EU),nat_gas_usd_mmbtu,XGBoost,post_2014,2024-02,8.0982,9.001,-0.9029,0.9029
Natural Gas (EU),nat_gas_usd_mmbtu,XGBoost,post_2014,2024-03,8.511,8.7086,-0.1975,0.1975
Natural Gas (EU),nat_gas_usd_mmbtu,XGBoost,post_2014,2024-04,9.1296,8.6681,0.4615,0.4615
Natural Gas (EU),nat_gas_usd_mmbtu,XGBoost,post_2014,2024-05,10.1096,8.6289,1.4808,1.4808
Natural Gas (EU),nat_gas_usd_mmbtu,XGBoost,post_2014,2024-06,10.8066,8.6552,2.1514,2.1514
Natural Gas (EU),nat_gas_usd_mmbtu,XGBoost,post_2014,2024-07,10.2398,8.7604,1.4794,1.4794
Natural Gas (EU),nat_gas_usd_mmbtu,XGBoost,post_2014,2024-08,12.1938,8.7798,3.414,3.414
Natural Gas (EU),nat_gas_usd_mmbtu,XGBoost,post_2014,2024-09,11.7508,8.7332,3.0176,3.0176
Natural Gas (EU),nat_gas_usd_mmbtu,XGBoost,post_2014,2024-10,12.755,8.6654,4.0896,4.0896
Natural Gas (EU),nat_gas_usd_mmbtu,XGBoost,post_2014,2024-11,13.811,8.8071,5.0039,5.0039
Natural Gas (EU),nat_gas_usd_mmbtu,XGBoost,post_2014,2024-12,13.757,8.988,4.769,4.769
Natural Gas (EU),nat_gas_usd_mmbtu,XGBoost,post_2014,2025-01,14.7591,8.626,6.133,6.133
Natural Gas (EU),nat_gas_usd_mmbtu,XGBoost,post_2014,2025-02,15.3764,9.0056,6.3708,6.3708
Natural Gas (EU),nat_gas_usd_mmbtu,XGBoost,post_2014,2025-03,13.156,8.8324,4.3236,4.3236
Natural Gas (EU),nat_gas_usd_mmbtu,XGBoost,post_2014,2025-04,11.572,8.8739,2.698,2.698
Natural Gas (EU),nat_gas_usd_mmbtu,XGBoost,post_2014,2025-05,11.6238,8.7894,2.8344,2.8344
Natural Gas (EU),nat_gas_usd_mmbtu,XGBoost,post_2014,2025-06,12.3006,8.5877,3.7129,3.7129
Natural Gas (EU),nat_gas_usd_mmbtu,XGBoost,post_2014,2025-07,11.4706,8.8929,2.5777,2.5777
Natural Gas (EU),nat_gas_usd_mmbtu,XGBoost,post_2014,2025-08,10.9752,9.0934,1.8818,1.8818
Natural Gas (EU),nat_gas_usd_mmbtu,XGBoost,post_2014,2025-09,11.003,9.0977,1.9053,1.9053
Natural Gas (EU),nat_gas_usd_mmbtu,XGBoost,post_2014,2025-10,10.897,10.4419,0.4551,0.4551
Natural Gas (EU),nat_gas_usd_mmbtu,XGBoost,post_2014,2025-12,9.46,8.8646,0.5954,0.5954
Natural Gas (EU),nat_gas_usd_mmbtu,RandomForest,post_2014,2021-01,7.3028,5.582,1.7208,1.7208
Natural Gas (EU),nat_gas_usd_mmbtu,RandomForest,post_2014,2021-02,6.1713,6.8457,-0.6744,0.6744
Natural Gas (EU),nat_gas_usd_mmbtu,RandomForest,post_2014,2021-03,6.2052,5.6244,0.5808,0.5808
Natural Gas (EU),nat_gas_usd_mmbtu,RandomForest,post_2014,2021-04,7.2827,5.6497,1.633,1.633
Natural Gas (EU),nat_gas_usd_mmbtu,RandomForest,post_2014,2021-05,9.0047,7.0707,1.934,1.934
Natural Gas (EU),nat_gas_usd_mmbtu,RandomForest,post_2014,2021-06,10.3241,7.6612,2.6629,2.6629
Natural Gas (EU),nat_gas_usd_mmbtu,RandomForest,post_2014,2021-07,12.5242,7.8133,4.7109,4.7109
Natural Gas (EU),nat_gas_usd_mmbtu,RandomForest,post_2014,2021-08,15.279,8.0592,7.2198,7.2198
Natural Gas (EU),nat_gas_usd_mmbtu,RandomForest,post_2014,2021-09,22.2328,8.3204,13.9124,13.9124
Natural Gas (EU),nat_gas_usd_mmbtu,RandomForest,post_2014,2021-10,29.8141,8.4192,21.3949,21.3949
Natural Gas (EU),nat_gas_usd_mmbtu,RandomForest,post_2014,2021-11,27.3838,8.3758,19.008,19.008
Natural Gas (EU),nat_gas_usd_mmbtu,RandomForest,post_2014,2021-12,37.3634,8.4569,28.9064,28.9064
Natural Gas (EU),nat_gas_usd_mmbtu,RandomForest,post_2014,2022-01,27.8909,8.532,19.359,19.359
Natural Gas (EU),nat_gas_usd_mmbtu,RandomForest,post_2014,2022-02,26.9843,8.8067,18.1776,18.1776
Natural Gas (EU),nat_gas_usd_mmbtu,RandomForest,post_2014,2022-03,41.7277,8.7937,32.934,32.934
Natural Gas (EU),nat_gas_usd_mmbtu,RandomForest,post_2014,2022-04,31.9899,8.9538,23.0361,23.0361
Natural Gas (EU),nat_gas_usd_mmbtu,RandomForest,post_2014,2022-05,27.4642,9.0213,18.4429,18.4429
Natural Gas (EU),nat_gas_usd_mmbtu,RandomForest,post_2014,2022-06,32.9126,9.0578,23.8548,23.8548
Natural Gas (EU),nat_gas_usd_mmbtu,RandomForest,post_2014,2022-07,51.1459,9.4225,41.7234,41.7234
Natural Gas (EU),nat_gas_usd_mmbtu,RandomForest,post_2014,2022-08,69.9772,9.4498,60.5275,60.5275
Natural Gas (EU),nat_gas_usd_mmbtu,RandomForest,post_2014,2022-09,55.1791,9.4498,45.7293,45.7293
Natural Gas (EU),nat_gas_usd_mmbtu,RandomForest,post_2014,2022-10,20.8066,9.4147,11.392,11.392
Natural Gas (EU),nat_gas_usd_mmbtu,RandomForest,post_2014,2022-11,28.7908,9.418,19.3728,19.3728
Natural Gas (EU),nat_gas_usd_mmbtu,RandomForest,post_2014,2022-12,35.3687,9.3492,26.0195,26.0195
Natural Gas (EU),nat_gas_usd_mmbtu,RandomForest,post_2014,2023-01,19.8862,9.3913,10.4949,10.4949
Natural Gas (EU),nat_gas_usd_mmbtu,RandomForest,post_2014,2023-02,16.7373,9.3481,7.3891,7.3891
Natural Gas (EU),nat_gas_usd_mmbtu,RandomForest,post_2014,2023-03,13.8704,9.2917,4.5788,4.5788
Natural Gas (EU),nat_gas_usd_mmbtu,RandomForest,post_2014,2023-04,13.684,9.3031,4.3809,4.3809
Natural Gas (EU),nat_gas_usd_mmbtu,RandomForest,post_2014,2023-05,9.97,9.3031,0.667,0.667
Natural Gas (EU),nat_gas_usd_mmbtu,RandomForest,post_2014,2023-06,10.2937,9.2592,1.0345,1.0345
Natural Gas (EU),nat_gas_usd_mmbtu,RandomForest,post_2014,2023-07,9.6117,9.2673,0.3444,0.3444
Natural Gas (EU),nat_gas_usd_mmbtu,RandomForest,post_2014,2023-08,10.7174,9.1809,1.5366,1.5366
Natural Gas (EU),nat_gas_usd_mmbtu,RandomForest,post_2014,2023-09,11.4279,9.2439,2.1841,2.1841
Natural Gas (EU),nat_gas_usd_mmbtu,RandomForest,post_2014,2023-10,13.3888,8.8975,4.4913,4.4913
Natural Gas (EU),nat_gas_usd_mmbtu,RandomForest,post_2014,2023-11,13.7143,8.9653,4.749,4.749
Natural Gas (EU),nat_gas_usd_mmbtu,RandomForest,post_2014,2023-12,11.2963,8.8746,2.4216,2.4216
Natural Gas (EU),nat_gas_usd_mmbtu,RandomForest,post_2014,2024-01,9.5312,8.8395,0.6916,0.6916
Natural Gas (EU),nat_gas_usd_mmbtu,RandomForest,post_2014,2024-02,8.0982,8.7891,-0.691,0.691
Natural Gas (EU),nat_gas_usd_mmbtu,RandomForest,post_2014,2024-03,8.511,8.6364,-0.1254,0.1254
Natural Gas (EU),nat_gas_usd_mmbtu,RandomForest,post_2014,2024-04,9.1296,8.3221,0.8075,0.8075
Natural Gas (EU),nat_gas_usd_mmbtu,RandomForest,post_2014,2024-05,10.1096,8.133,1.9767,1.9767
Natural Gas (EU),nat_gas_usd_mmbtu,RandomForest,post_2014,2024-06,10.8066,8.0151,2.7915,2.7915
Natural Gas (EU),nat_gas_usd_mmbtu,RandomForest,post_2014,2024-07,10.2398,8.2605,1.9793,1.9793
Natural Gas (EU),nat_gas_usd_mmbtu,RandomForest,post_2014,2024-08,12.1938,8.3478,3.8461,3.8461
Natural Gas (EU),nat_gas_usd_mmbtu,RandomForest,post_2014,2024-09,11.7508,8.752,2.9989,2.9989
Natural Gas (EU),nat_gas_usd_mmbtu,RandomForest,post_2014,2024-10,12.755,8.7785,3.9765,3.9765
Natural Gas (EU),nat_gas_usd_mmbtu,RandomForest,post_2014,2024-11,13.811,8.8119,4.9991,4.9991
Natural Gas (EU),nat_gas_usd_mmbtu,RandomForest,post_2014,2024-12,13.757,8.7601,4.9969,4.9969
Natural Gas (EU),nat_gas_usd_mmbtu,RandomForest,post_2014,2025-01,14.7591,8.4872,6.2719,6.2719
Natural Gas (EU),nat_gas_usd_mmbtu,RandomForest,post_2014,2025-02,15.3764,8.494,6.8823,6.8823
Natural Gas (EU),nat_gas_usd_mmbtu,RandomForest,post_2014,2025-03,13.156,8.4717,4.6844,4.6844
Natural Gas (EU),nat_gas_usd_mmbtu,RandomForest,post_2014,2025-04,11.572,8.4745,3.0974,3.0974
Natural Gas (EU),nat_gas_usd_mmbtu,RandomForest,post_2014,2025-05,11.6238,8.3873,3.2365,3.2365
Natural Gas (EU),nat_gas_usd_mmbtu,RandomForest,post_2014,2025-06,12.3006,8.2754,4.0252,4.0252
Natural Gas (EU),nat_gas_usd_mmbtu,RandomForest,post_2014,2025-07,11.4706,8.3349,3.1357,3.1357
Natural Gas (EU),nat_gas_usd_mmbtu,RandomForest,post_2014,2025-08,10.9752,8.6618,2.3134,2.3134
Natural Gas (EU),nat_gas_usd_mmbtu,RandomForest,post_2014,2025-09,11.003,8.6811,2.3219,2.3219
Natural Gas (EU),nat_gas_usd_mmbtu,RandomForest,post_2014,2025-10,10.897,9.5963,1.3007,1.3007
Natural Gas (EU),nat_gas_usd_mmbtu,RandomForest,post_2014,2025-12,9.46,8.5045,0.9555,0.9555
Diamond Index,diamond_usd_carat,XGBoost,full_sample,2021-01,101.1,101.2592,-0.1592,0.1592
Diamond Index,diamond_usd_carat,XGBoost,full_sample,2021-02,101.1,101.3733,-0.2733,0.2733
Diamond Index,diamond_usd_carat,XGBoost,full_sample,2021-03,102.1,101.3043,0.7957,0.7957
Diamond Index,diamond_usd_carat,XGBoost,full_sample,2021-05,102.8,101.9679,0.8321,0.8321
Diamond Index,diamond_usd_carat,XGBoost,full_sample,2021-06,104.4,102.102,2.298,2.298
Diamond Index,diamond_usd_carat,XGBoost,full_sample,2021-07,104.7,103.0391,1.6609,1.6609
Diamond Index,diamond_usd_carat,XGBoost,full_sample,2021-08,104.7,104.1164,0.5836,0.5836
Diamond Index,diamond_usd_carat,XGBoost,full_sample,2021-09,105.2,104.8146,0.3854,0.3854
Diamond Index,diamond_usd_carat,XGBoost,full_sample,2021-10,105.2,105.0185,0.1815,0.1815
Diamond Index,diamond_usd_carat,XGBoost,full_sample,2021-11,108.6,104.988,3.612,3.612
Diamond Index,diamond_usd_carat,XGBoost,full_sample,2021-12,111.1,107.3778,3.7222,3.7222
Diamond Index,diamond_usd_carat,XGBoost,full_sample,2022-01,115.2,110.3978,4.8022,4.8022
Diamond Index,diamond_usd_carat,XGBoost,full_sample,2022-02,118.5,112.7381,5.7619,5.7619
Diamond Index,diamond_usd_carat,XGBoost,full_sample,2022-03,121.1,112.7443,8.3557,8.3557
Diamond Index,diamond_usd_carat,XGBoost,full_sample,2022-04,121.1,112.7654,8.3346,8.3346
Diamond Index,diamond_usd_carat,XGBoost,full_sample,2022-05,121.1,112.6176,8.4824,8.4824
Diamond Index,diamond_usd_carat,XGBoost,full_sample,2022-06,121.1,113.0849,8.0151,8.0151
Diamond Index,diamond_usd_carat,XGBoost,full_sample,2022-07,120.8,113.107,7.693,7.693
Diamond Index,diamond_usd_carat,XGBoost,full_sample,2022-08,120.4,112.9209,7.4791,7.4791
Diamond Index,diamond_usd_carat,XGBoost,full_sample,2022-09,119.6,113.5044,6.0956,6.0956
Diamond Index,diamond_usd_carat,XGBoost,full_sample,2022-10,119.0,113.1163,5.8837,5.8837
Diamond Index,diamond_usd_carat,XGBoost,full_sample,2022-11,118.1,112.7633,5.3367,5.3367
Diamond Index,diamond_usd_carat,XGBoost,full_sample,2022-12,118.1,112.5646,5.5354,5.5354
Diamond Index,diamond_usd_carat,XGBoost,full_sample,2023-01,117.9,111.8262,6.0738,6.0738
Diamond Index,diamond_usd_carat,XGBoost,full_sample,2023-02,117.9,111.591,6.309,6.309
Diamond Index,diamond_usd_carat,XGBoost,full_sample,2023-03,117.3,111.596,5.704,5.704
Diamond Index,diamond_usd_carat,XGBoost,full_sample,2023-04,116.4,111.058,5.342,5.342
Diamond Index,diamond_usd_carat,XGBoost,full_sample,2023-05,116.4,111.761,4.639,4.639
Diamond Index,diamond_usd_carat,XGBoost,full_sample,2023-06,115.0,111.1139,3.8861,3.8861
Diamond Index,diamond_usd_carat,XGBoost,full_sample,2023-07,114.2,111.2576,2.9424,2.9424
Diamond Index,diamond_usd_carat,XGBoost,full_sample,2023-08,112.7,111.7966,0.9034,0.9034
Diamond Index,diamond_usd_carat,XGBoost,full_sample,2023-09,111.1,111.8813,-0.7813,0.7813
Diamond Index,diamond_usd_carat,XGBoost,full_sample,2023-10,111.1,111.8242,-0.7242,0.7242
Diamond Index,diamond_usd_carat,XGBoost,full_sample,2023-11,111.1,111.6845,-0.5845,0.5845
Diamond Index,diamond_usd_carat,XGBoost,full_sample,2023-12,111.1,110.8682,0.2318,0.2318
Diamond Index,diamond_usd_carat,XGBoost,full_sample,2024-01,111.1,110.3835,0.7165,0.7165
Diamond Index,diamond_usd_carat,XGBoost,full_sample,2024-02,111.1,110.4627,0.6373,0.6373
Diamond Index,diamond_usd_carat,XGBoost,full_sample,2024-03,110.8,110.1168,0.6832,0.6832
Diamond Index,diamond_usd_carat,XGBoost,full_sample,2024-04,110.3,110.5474,-0.2474,0.2474
Diamond Index,diamond_usd_carat,XGBoost,full_sample,2024-05,110.1,110.1654,-0.0654,0.0654
Diamond Index,diamond_usd_carat,XGBoost,full_sample,2024-06,106.9,110.0266,-3.1266,3.1266
Diamond Index,diamond_usd_carat,XGBoost,full_sample,2024-07,106.9,107.9973,-1.0973,1.0973
Diamond Index,diamond_usd_carat,XGBoost,full_sample,2024-08,104.3,107.4315,-3.1315,3.1315
Diamond Index,diamond_usd_carat,XGBoost,full_sample,2024-09,104.3,104.0414,0.2586,0.2586
Diamond Index,diamond_usd_carat,XGBoost,full_sample,2024-10,104.3,104.372,-0.072,0.072
Diamond Index,diamond_usd_carat,XGBoost,full_sample,2024-11,104.3,103.7566,0.5434,0.5434
Diamond Index,diamond_usd_carat,XGBoost,full_sample,2024-12,104.3,103.7849,0.5151,0.5151
Diamond Index,diamond_usd_carat,XGBoost,full_sample,2025-01,102.3,103.689,-1.389,1.389
Diamond Index,diamond_usd_carat,XGBoost,full_sample,2025-02,102.3,102.4223,-0.1223,0.1223
Diamond Index,diamond_usd_carat,XGBoost,full_sample,2025-03,102.3,102.0093,0.2907,0.2907
Diamond Index,diamond_usd_carat,XGBoost,full_sample,2025-04,102.3,101.9232,0.3768,0.3768
Diamond Index,diamond_usd_carat,XGBoost,full_sample,2025-05,102.3,101.9389,0.3611,0.3611
Diamond Index,diamond_usd_carat,XGBoost,full_sample,2025-06,102.3,102.073,0.227,0.227
Diamond Index,diamond_usd_carat,XGBoost,full_sample,2025-07,102.3,102.0971,0.2029,0.2029
Diamond Index,diamond_usd_carat,XGBoost,full_sample,2025-08,102.4,102.1086,0.2914,0.2914
Diamond Index,diamond_usd_carat,XGBoost,full_sample,2025-09,102.3,102.164,0.136,0.136
Diamond Index,diamond_usd_carat,XGBoost,full_sample,2025-12,101.7,102.0122,-0.3122,0.3122
Diamond Index,diamond_usd_carat,RandomForest,full_sample,2021-01,101.1,101.1996,-0.0996,0.0996
Diamond Index,diamond_usd_carat,RandomForest,full_sample,2021-02,101.1,101.2223,-0.1223,0.1223
Diamond Index,diamond_usd_carat,RandomForest,full_sample,2021-03,102.1,101.2032,0.8968,0.8968
Diamond Index,diamond_usd_carat,RandomForest,full_sample,2021-05,102.8,101.5883,1.2117,1.2117
Diamond Index,diamond_usd_carat,RandomForest,full_sample,2021-06,104.4,101.9148,2.4852,2.4852
Diamond Index,diamond_usd_carat,RandomForest,full_sample,2021-07,104.7,103.6437,1.0563,1.0563
Diamond Index,diamond_usd_carat,RandomForest,full_sample,2021-08,104.7,105.5185,-0.8185,0.8185
Diamond Index,diamond_usd_carat,RandomForest,full_sample,2021-09,105.2,105.6772,-0.4772,0.4772
Diamond Index,diamond_usd_carat,RandomForest,full_sample,2021-10,105.2,105.9061,-0.7061,0.7061
Diamond Index,diamond_usd_carat,RandomForest,full_sample,2021-11,108.6,105.8806,2.7194,2.7194
Diamond Index,diamond_usd_carat,RandomForest,full_sample,2021-12,111.1,108.3144,2.7856,2.7856
Diamond Index,diamond_usd_carat,RandomForest,full_sample,2022-01,115.2,111.9811,3.2189,3.2189
Diamond Index,diamond_usd_carat,RandomForest,full_sample,2022-02,118.5,113.6978,4.8022,4.8022
Diamond Index,diamond_usd_carat,RandomForest,full_sample,2022-03,121.1,114.4363,6.6637,6.6637
Diamond Index,diamond_usd_carat,RandomForest,full_sample,2022-04,121.1,114.38,6.72,6.72
Diamond Index,diamond_usd_carat,RandomForest,full_sample,2022-05,121.1,114.2182,6.8818,6.8818
Diamond Index,diamond_usd_carat,RandomForest,full_sample,2022-06,121.1,114.2173,6.8827,6.8827
Diamond Index,diamond_usd_carat,RandomForest,full_sample,2022-07,120.8,114.1058,6.6942,6.6942
Diamond Index,diamond_usd_carat,RandomForest,full_sample,2022-08,120.4,114.0452,6.3548,6.3548
Diamond Index,diamond_usd_carat,RandomForest,full_sample,2022-09,119.6,113.8586,5.7414,5.7414
Diamond Index,diamond_usd_carat,RandomForest,full_sample,2022-10,119.0,113.9381,5.0619,5.0619
Diamond Index,diamond_usd_carat,RandomForest,full_sample,2022-11,118.1,113.925,4.175,4.175
Diamond Index,diamond_usd_carat,RandomForest,full_sample,2022-12,118.1,113.8654,4.2346,4.2346
Diamond Index,diamond_usd_carat,RandomForest,full_sample,2023-01,117.9,113.166,4.734,4.734
Diamond Index,diamond_usd_carat,RandomForest,full_sample,2023-02,117.9,113.1788,4.7212,4.7212
Diamond Index,diamond_usd_carat,RandomForest,full_sample,2023-03,117.3,113.1709,4.1291,4.1291
Diamond Index,diamond_usd_carat,RandomForest,full_sample,2023-04,116.4,113.1337,3.2663,3.2663
Diamond Index,diamond_usd_carat,RandomForest,full_sample,2023-05,116.4,113.1644,3.2356,3.2356
Diamond Index,diamond_usd_carat,RandomForest,full_sample,2023-06,115.0,113.17,1.83,1.83
Diamond Index,diamond_usd_carat,RandomForest,full_sample,2023-07,114.2,113.1814,1.0186,1.0186
Diamond Index,diamond_usd_carat,RandomForest,full_sample,2023-08,112.7,113.246,-0.546,0.546
Diamond Index,diamond_usd_carat,RandomForest,full_sample,2023-09,111.1,112.9854,-1.8854,1.8854
Diamond Index,diamond_usd_carat,RandomForest,full_sample,2023-10,111.1,111.8058,-0.7058,0.7058
Diamond Index,diamond_usd_carat,RandomForest,full_sample,2023-11,111.1,111.6728,-0.5728,0.5728
Diamond Index,diamond_usd_carat,RandomForest,full_sample,2023-12,111.1,111.6232,-0.5232,0.5232
Diamond Index,diamond_usd_carat,RandomForest,full_sample,2024-01,111.1,111.6113,-0.5113,0.5113
Diamond Index,diamond_usd_carat,RandomForest,full_sample,2024-02,111.1,111.5991,-0.4991,0.4991
Diamond Index,diamond_usd_carat,RandomForest,full_sample,2024-03,110.8,111.4727,-0.6727,0.6727
Diamond Index,diamond_usd_carat,RandomForest,full_sample,2024-04,110.3,110.5249,-0.2249,0.2249
Diamond Index,diamond_usd_carat,RandomForest,full_sample,2024-05,110.1,110.0594,0.0406,0.0406
Diamond Index,diamond_usd_carat,RandomForest,full_sample,2024-06,106.9,110.0948,-3.1948,3.1948
Diamond Index,diamond_usd_carat,RandomForest,full_sample,2024-07,106.9,108.0277,-1.1277,1.1277
Diamond Index,diamond_usd_carat,RandomForest,full_sample,2024-08,104.3,108.0524,-3.7524,3.7524
Diamond Index,diamond_usd_carat,RandomForest,full_sample,2024-09,104.3,104.5458,-0.2458,0.2458
Diamond Index,diamond_usd_carat,RandomForest,full_sample,2024-10,104.3,104.5924,-0.2924,0.2924
Diamond Index,diamond_usd_carat,RandomForest,full_sample,2024-11,104.3,103.9247,0.3753,0.3753
Diamond Index,diamond_usd_carat,RandomForest,full_sample,2024-12,104.3,103.7057,0.5943,0.5943
Diamond Index,diamond_usd_carat,RandomForest,full_sample,2025-01,102.3,103.6653,-1.3653,1.3653
Diamond Index,diamond_usd_carat,RandomForest,full_sample,2025-02,102.3,102.1115,0.1885,0.1885
Diamond Index,diamond_usd_carat,RandomForest,full_sample,2025-03,102.3,102.0525,0.2475,0.2475
Diamond Index,diamond_usd_carat,RandomForest,full_sample,2025-04,102.3,101.967,0.333,0.333
Diamond Index,diamond_usd_carat,RandomForest,full_sample,2025-05,102.3,101.9466,0.3534,0.3534
Diamond Index,diamond_usd_carat,RandomForest,full_sample,2025-06,102.3,101.9423,0.3577,0.3577
Diamond Index,diamond_usd_carat,RandomForest,full_sample,2025-07,102.3,101.9288,0.3712,0.3712
Diamond Index,diamond_usd_carat,RandomForest,full_sample,2025-08,102.4,101.9288,0.4712,0.4712
Diamond Index,diamond_usd_carat,RandomForest,full_sample,2025-09,102.3,101.9305,0.3695,0.3695
Diamond Index,diamond_usd_carat,RandomForest,full_sample,2025-12,101.7,101.9144,-0.2144,0.2144
Diamond Index,diamond_usd_carat,XGBoost,post_2014,2021-01,101.1,100.9806,0.1194,0.1194
Diamond Index,diamond_usd_carat,XGBoost,post_2014,2021-02,101.1,100.8548,0.2452,0.2452
Diamond Index,diamond_usd_carat,XGBoost,post_2014,2021-03,102.1,101.3071,0.7929,0.7929
Diamond Index,diamond_usd_carat,XGBoost,post_2014,2021-05,102.8,101.33,1.47,1.47
Diamond Index,diamond_usd_carat,XGBoost,post_2014,2021-06,104.4,101.34,3.06,3.06
Diamond Index,diamond_usd_carat,XGBoost,post_2014,2021-07,104.7,101.3432,3.3568,3.3568
Diamond Index,diamond_usd_carat,XGBoost,post_2014,2021-08,104.7,101.4215,3.2785,3.2785
Diamond Index,diamond_usd_carat,XGBoost,post_2014,2021-09,105.2,101.433,3.767,3.767
Diamond Index,diamond_usd_carat,XGBoost,post_2014,2021-10,105.2,101.6323,3.5677,3.5677
Diamond Index,diamond_usd_carat,XGBoost,post_2014,2021-11,108.6,101.6217,6.9783,6.9783
Diamond Index,diamond_usd_carat,XGBoost,post_2014,2021-12,111.1,102.1555,8.9445,8.9445
Diamond Index,diamond_usd_carat,XGBoost,post_2014,2022-01,115.2,102.4855,12.7145,12.7145
Diamond Index,diamond_usd_carat,XGBoost,post_2014,2022-02,118.5,102.9718,15.5282,15.5282
Diamond Index,diamond_usd_carat,XGBoost,post_2014,2022-03,121.1,104.0932,17.0068,17.0068
Diamond Index,diamond_usd_carat,XGBoost,post_2014,2022-04,121.1,104.2895,16.8105,16.8105
Diamond Index,diamond_usd_carat,XGBoost,post_2014,2022-05,121.1,104.8434,16.2566,16.2566
Diamond Index,diamond_usd_carat,XGBoost,post_2014,2022-06,121.1,112.625,8.475,8.475
Diamond Index,diamond_usd_carat,XGBoost,post_2014,2022-07,120.8,112.621,8.179,8.179
Diamond Index,diamond_usd_carat,XGBoost,post_2014,2022-08,120.4,112.6168,7.7832,7.7832
Diamond Index,diamond_usd_carat,XGBoost,post_2014,2022-09,119.6,112.6105,6.9895,6.9895
Diamond Index,diamond_usd_carat,XGBoost,post_2014,2022-10,119.0,112.6081,6.3919,6.3919
Diamond Index,diamond_usd_carat,XGBoost,post_2014,2022-11,118.1,112.3692,5.7308,5.7308
Diamond Index,diamond_usd_carat,XGBoost,post_2014,2022-12,118.1,112.6377,5.4623,5.4623
Diamond Index,diamond_usd_carat,XGBoost,post_2014,2023-01,117.9,112.3884,5.5116,5.5116
Diamond Index,diamond_usd_carat,XGBoost,post_2014,2023-02,117.9,112.3892,5.5108,5.5108
Diamond Index,diamond_usd_carat,XGBoost,post_2014,2023-03,117.3,112.3722,4.9278,4.9278
Diamond Index,diamond_usd_carat,XGBoost,post_2014,2023-04,116.4,110.6665,5.7335,5.7335
Diamond Index,diamond_usd_carat,XGBoost,post_2014,2023-05,116.4,112.4391,3.9609,3.9609
Diamond Index,diamond_usd_carat,XGBoost,post_2014,2023-06,115.0,110.706,4.294,4.294
Diamond Index,diamond_usd_carat,XGBoost,post_2014,2023-07,114.2,110.5964,3.6036,3.6036
Diamond Index,diamond_usd_carat,XGBoost,post_2014,2023-08,112.7,110.5416,2.1584,2.1584
Diamond Index,diamond_usd_carat,XGBoost,post_2014,2023-09,111.1,111.7131,-0.6131,0.6131
Diamond Index,diamond_usd_carat,XGBoost,post_2014,2023-10,111.1,110.9119,0.1881,0.1881
Diamond Index,diamond_usd_carat,XGBoost,post_2014,2023-11,111.1,110.6343,0.4657,0.4657
Diamond Index,diamond_usd_carat,XGBoost,post_2014,2023-12,111.1,110.3772,0.7228,0.7228
Diamond Index,diamond_usd_carat,XGBoost,post_2014,2024-01,111.1,109.4026,1.6974,1.6974
Diamond Index,diamond_usd_carat,XGBoost,post_2014,2024-02,111.1,109.3986,1.7014,1.7014
Diamond Index,diamond_usd_carat,XGBoost,post_2014,2024-03,110.8,110.126,0.674,0.674
Diamond Index,diamond_usd_carat,XGBoost,post_2014,2024-04,110.3,110.0104,0.2896,0.2896
Diamond Index,diamond_usd_carat,XGBoost,post_2014,2024-05,110.1,109.8838,0.2162,0.2162
Diamond Index,diamond_usd_carat,XGBoost,post_2014,2024-06,106.9,109.7727,-2.8727,2.8727
Diamond Index,diamond_usd_carat,XGBoost,post_2014,2024-07,106.9,109.0969,-2.1969,2.1969
Diamond Index,diamond_usd_carat,XGBoost,post_2014,2024-08,104.3,109.0929,-4.7929,4.7929
Diamond Index,diamond_usd_carat,XGBoost,post_2014,2024-09,104.3,106.7973,-2.4973,2.4973
Diamond Index,diamond_usd_carat,XGBoost,post_2014,2024-10,104.3,106.7983,-2.4983,2.4983
Diamond Index,diamond_usd_carat,XGBoost,post_2014,2024-11,104.3,106.8235,-2.5235,2.5235
Diamond Index,diamond_usd_carat,XGBoost,post_2014,2024-12,104.3,102.3575,1.9425,1.9425
Diamond Index,diamond_usd_carat,XGBoost,post_2014,2025-01,102.3,102.0408,0.2592,0.2592
Diamond Index,diamond_usd_carat,XGBoost,post_2014,2025-02,102.3,101.5304,0.7696,0.7696
Diamond Index,diamond_usd_carat,XGBoost,post_2014,2025-03,102.3,101.4806,0.8194,0.8194
Diamond Index,diamond_usd_carat,XGBoost,post_2014,2025-04,102.3,101.5424,0.7576,0.7576
Diamond Index,diamond_usd_carat,XGBoost,post_2014,2025-05,102.3,101.5839,0.7161,0.7161
Diamond Index,diamond_usd_carat,XGBoost,post_2014,2025-06,102.3,101.5653,0.7347,0.7347
Diamond Index,diamond_usd_carat,XGBoost,post_2014,2025-07,102.3,101.5808,0.7192,0.7192
Diamond Index,diamond_usd_carat,XGBoost,post_2014,2025-08,102.4,101.6141,0.7859,0.7859
Diamond Index,diamond_usd_carat,XGBoost,post_2014,2025-09,102.3,101.6256,0.6744,0.6744
Diamond Index,diamond_usd_carat,XGBoost,post_2014,2025-12,101.7,101.9628,-0.2628,0.2628
Diamond Index,diamond_usd_carat,RandomForest,post_2014,2021-01,101.1,100.7032,0.3968,0.3968
Diamond Index,diamond_usd_carat,RandomForest,post_2014,2021-02,101.1,100.6869,0.4131,0.4131
Diamond Index,diamond_usd_carat,RandomForest,post_2014,2021-03,102.1,100.9737,1.1263,1.1263
Diamond Index,diamond_usd_carat,RandomForest,post_2014,2021-05,102.8,101.0423,1.7577,1.7577
Diamond Index,diamond_usd_carat,RandomForest,post_2014,2021-06,104.4,101.3463,3.0537,3.0537
Diamond Index,diamond_usd_carat,RandomForest,post_2014,2021-07,104.7,101.61,3.09,3.09
Diamond Index,diamond_usd_carat,RandomForest,post_2014,2021-08,104.7,101.9063,2.7937,2.7937
Diamond Index,diamond_usd_carat,RandomForest,post_2014,2021-09,105.2,101.9553,3.2447,3.2447
Diamond Index,diamond_usd_carat,RandomForest,post_2014,2021-10,105.2,101.9564,3.2436,3.2436
Diamond Index,diamond_usd_carat,RandomForest,post_2014,2021-11,108.6,101.9961,6.6039,6.6039
Diamond Index,diamond_usd_carat,RandomForest,post_2014,2021-12,111.1,103.1174,7.9826,7.9826
Diamond Index,diamond_usd_carat,RandomForest,post_2014,2022-01,115.2,103.2996,11.9004,11.9004
Diamond Index,diamond_usd_carat,RandomForest,post_2014,2022-02,118.5,104.5143,13.9857,13.9857
Diamond Index,diamond_usd_carat,RandomForest,post_2014,2022-03,121.1,108.1438,12.9562,12.9562
Diamond Index,diamond_usd_carat,RandomForest,post_2014,2022-04,121.1,108.2779,12.8221,12.8221
Diamond Index,diamond_usd_carat,RandomForest,post_2014,2022-05,121.1,108.3685,12.7315,12.7315
Diamond Index,diamond_usd_carat,RandomForest,post_2014,2022-06,121.1,113.8902,7.2098,7.2098
Diamond Index,diamond_usd_carat,RandomForest,post_2014,2022-07,120.8,113.876,6.924,6.924
Diamond Index,diamond_usd_carat,RandomForest,post_2014,2022-08,120.4,113.8828,6.5172,6.5172
Diamond Index,diamond_usd_carat,RandomForest,post_2014,2022-09,119.6,113.7387,5.8613,5.8613
Diamond Index,diamond_usd_carat,RandomForest,post_2014,2022-10,119.0,113.7926,5.2074,5.2074
Diamond Index,diamond_usd_carat,RandomForest,post_2014,2022-11,118.1,113.2022,4.8978,4.8978
Diamond Index,diamond_usd_carat,RandomForest,post_2014,2022-12,118.1,112.8805,5.2195,5.2195
Diamond Index,diamond_usd_carat,RandomForest,post_2014,2023-01,117.9,112.0486,5.8514,5.8514
Diamond Index,diamond_usd_carat,RandomForest,post_2014,2023-02,117.9,112.692,5.208,5.208
Diamond Index,diamond_usd_carat,RandomForest,post_2014,2023-03,117.3,112.5944,4.7056,4.7056
Diamond Index,diamond_usd_carat,RandomForest,post_2014,2023-04,116.4,111.8557,4.5443,4.5443
Diamond Index,diamond_usd_carat,RandomForest,post_2014,2023-05,116.4,112.6171,3.7829,3.7829
Diamond Index,diamond_usd_carat,RandomForest,post_2014,2023-06,115.0,111.6625,3.3375,3.3375
Diamond Index,diamond_usd_carat,RandomForest,post_2014,2023-07,114.2,111.748,2.452,2.452
Diamond Index,diamond_usd_carat,RandomForest,post_2014,2023-08,112.7,111.6705,1.0295,1.0295
Diamond Index,diamond_usd_carat,RandomForest,post_2014,2023-09,111.1,112.4258,-1.3258,1.3258
Diamond Index,diamond_usd_carat,RandomForest,post_2014,2023-10,111.1,112.2753,-1.1753,1.1753
Diamond Index,diamond_usd_carat,RandomForest,post_2014,2023-11,111.1,112.3578,-1.2578,1.2578
Diamond Index,diamond_usd_carat,RandomForest,post_2014,2023-12,111.1,111.3774,-0.2774,0.2774
Diamond Index,diamond_usd_carat,RandomForest,post_2014,2024-01,111.1,111.2562,-0.1562,0.1562
Diamond Index,diamond_usd_carat,RandomForest,post_2014,2024-02,111.1,111.0492,0.0508,0.0508
Diamond Index,diamond_usd_carat,RandomForest,post_2014,2024-03,110.8,110.9388,-0.1388,0.1388
Diamond Index,diamond_usd_carat,RandomForest,post_2014,2024-04,110.3,111.4767,-1.1767,1.1767
Diamond Index,diamond_usd_carat,RandomForest,post_2014,2024-05,110.1,111.3264,-1.2264,1.2264
Diamond Index,diamond_usd_carat,RandomForest,post_2014,2024-06,106.9,110.5496,-3.6496,3.6496
Diamond Index,diamond_usd_carat,RandomForest,post_2014,2024-07,106.9,109.5457,-2.6457,2.6457
Diamond Index,diamond_usd_carat,RandomForest,post_2014,2024-08,104.3,109.4007,-5.1007,5.1007
Diamond Index,diamond_usd_carat,RandomForest,post_2014,2024-09,104.3,105.7271,-1.4271,1.4271
Diamond Index,diamond_usd_carat,RandomForest,post_2014,2024-10,104.3,105.5541,-1.2541,1.2541
Diamond Index,diamond_usd_carat,RandomForest,post_2014,2024-11,104.3,105.5797,-1.2797,1.2797
Diamond Index,diamond_usd_carat,RandomForest,post_2014,2024-12,104.3,102.0542,2.2458,2.2458
Diamond Index,diamond_usd_carat,RandomForest,post_2014,2025-01,102.3,102.0563,0.2437,0.2437
Diamond Index,diamond_usd_carat,RandomForest,post_2014,2025-02,102.3,101.631,0.669,0.669
Diamond Index,diamond_usd_carat,RandomForest,post_2014,2025-03,102.3,101.6119,0.6881,0.6881
Diamond Index,diamond_usd_carat,RandomForest,post_2014,2025-04,102.3,101.2998,1.0002,1.0002
Diamond Index,diamond_usd_carat,RandomForest,post_2014,2025-05,102.3,101.2748,1.0252,1.0252
Diamond Index,diamond_usd_carat,RandomForest,post_2014,2025-06,102.3,101.1826,1.1174,1.1174
Diamond Index,diamond_usd_carat,RandomForest,post_2014,2025-07,102.3,101.1793,1.1207,1.1207
Diamond Index,diamond_usd_carat,RandomForest,post_2014,2025-08,102.4,101.1737,1.2263,1.2263
Diamond Index,diamond_usd_carat,RandomForest,post_2014,2025-09,102.3,101.1938,1.1062,1.1062
Diamond Index,diamond_usd_carat,RandomForest,post_2014,2025-12,101.7,101.1678,0.5322,0.5322
Gold PPI,gold_usd,XGBoost,full_sample,2021-01,1866.98,1796.1177,70.8623,70.8623
Gold PPI,gold_usd,XGBoost,full_sample,2021-02,1808.17,1790.0171,18.1529,18.1529
Gold PPI,gold_usd,XGBoost,full_sample,2021-03,1718.23,1762.0944,-43.8644,43.8644
Gold PPI,gold_usd,XGBoost,full_sample,2021-04,1760.04,1709.4207,50.6193,50.6193
Gold PPI,gold_usd,XGBoost,full_sample,2021-05,1850.26,1733.5826,116.6774,116.6774
Gold PPI,gold_usd,XGBoost,full_sample,2021-06,1834.57,1802.6775,31.8925,31.8925
Gold PPI,gold_usd,XGBoost,full_sample,2021-07,1807.84,1759.5219,48.3181,48.3181
Gold PPI,gold_usd,XGBoost,full_sample,2021-08,1785.28,1773.7877,11.4923,11.4923
Gold PPI,gold_usd,XGBoost,full_sample,2021-09,1775.14,1754.4154,20.7246,20.7246
Gold PPI,gold_usd,XGBoost,full_sample,2021-10,1776.85,1753.7855,23.0645,23.0645
Gold PPI,gold_usd,XGBoost,full_sample,2021-11,1821.76,1754.8013,66.9587,66.9587
Gold PPI,gold_usd,XGBoost,full_sample,2021-12,1790.43,1735.1293,55.3007,55.3007
Gold PPI,gold_usd,XGBoost,full_sample,2022-01,1816.02,1737.7144,78.3056,78.3056
Gold PPI,gold_usd,XGBoost,full_sample,2022-02,1856.3,1749.2494,107.0506,107.0506
Gold PPI,gold_usd,XGBoost,full_sample,2022-03,1947.83,1771.1266,176.7034,176.7034
Gold PPI,gold_usd,XGBoost,full_sample,2022-04,1936.86,1778.7412,158.1188,158.1188
Gold PPI,gold_usd,XGBoost,full_sample,2022-05,1848.5,1770.1525,78.3475,78.3475
Gold PPI,gold_usd,XGBoost,full_sample,2022-06,1836.57,1751.7281,84.8419,84.8419
Gold PPI,gold_usd,XGBoost,full_sample,2022-07,1732.74,1752.3062,-19.5662,19.5662
Gold PPI,gold_usd,XGBoost,full_sample,2022-08,1764.56,1710.0588,54.5012,54.5012
Gold PPI,gold_usd,XGBoost,full_sample,2022-09,1680.78,1721.6111,-40.8311,40.8311
Gold PPI,gold_usd,XGBoost,full_sample,2022-10,1664.45,1676.2389,-11.7889,11.7889
Gold PPI,gold_usd,XGBoost,full_sample,2022-11,1725.07,1692.1986,32.8714,32.8714
Gold PPI,gold_usd,XGBoost,full_sample,2022-12,1797.55,1684.751,112.799,112.799
Gold PPI,gold_usd,XGBoost,full_sample,2023-01,1897.71,1740.4307,157.2793,157.2793
Gold PPI,gold_usd,XGBoost,full_sample,2023-02,1854.54,1783.9449,70.5951,70.5951
Gold PPI,gold_usd,XGBoost,full_sample,2023-03,1912.73,1791.5656,121.1644,121.1644
Gold PPI,gold_usd,XGBoost,full_sample,2023-04,1999.77,1780.7645,219.0055,219.0055
Gold PPI,gold_usd,XGBoost,full_sample,2023-05,1992.13,1774.7185,217.4115,217.4115
Gold PPI,gold_usd,XGBoost,full_sample,2023-06,1942.9,1767.6808,175.2192,175.2192
Gold PPI,gold_usd,XGBoost,full_sample,2023-07,1951.02,1759.1771,191.8429,191.8429
Gold PPI,gold_usd,XGBoost,full_sample,2023-08,1918.7,1787.6407,131.0593,131.0593
Gold PPI,gold_usd,XGBoost,full_sample,2023-09,1915.95,1772.1549,143.7951,143.7951
Gold PPI,gold_usd,XGBoost,full_sample,2023-10,1916.25,1805.1547,111.0953,111.0953
Gold PPI,gold_usd,XGBoost,full_sample,2023-11,1984.11,1773.4083,210.7017,210.7017
Gold PPI,gold_usd,XGBoost,full_sample,2023-12,2026.18,1758.5511,267.6289,267.6289
Gold PPI,gold_usd,XGBoost,full_sample,2024-01,2034.04,1763.1515,270.8885,270.8885
Gold PPI,gold_usd,XGBoost,full_sample,2024-02,2023.24,1765.2581,257.9819,257.9819
Gold PPI,gold_usd,XGBoost,full_sample,2024-03,2158.01,1762.3035,395.7065,395.7065
Gold PPI,gold_usd,XGBoost,full_sample,2024-04,2331.45,1805.1713,526.2787,526.2787
Gold PPI,gold_usd,XGBoost,full_sample,2024-05,2351.13,1790.757,560.373,560.373
Gold PPI,gold_usd,XGBoost,full_sample,2024-06,2326.44,1791.4456,534.9944,534.9944
Gold PPI,gold_usd,XGBoost,full_sample,2024-07,2398.2,1791.5988,606.6012,606.6012
Gold PPI,gold_usd,XGBoost,full_sample,2024-08,2470.15,1776.405,693.745,693.745
Gold PPI,gold_usd,XGBoost,full_sample,2024-09,2570.55,1779.9087,790.6413,790.6413
Gold PPI,gold_usd,XGBoost,full_sample,2024-10,2690.08,1775.5034,914.5766,914.5766
Gold PPI,gold_usd,XGBoost,full_sample,2024-11,2651.13,1767.9972,883.1328,883.1328
Gold PPI,gold_usd,XGBoost,full_sample,2024-12,2648.01,1755.7795,892.2305,892.2305
Gold PPI,gold_usd,XGBoost,full_sample,2025-01,2709.69,1764.0804,945.6096,945.6096
Gold PPI,gold_usd,XGBoost,full_sample,2025-02,2894.73,1761.3047,1133.4253,1133.4253
Gold PPI,gold_usd,XGBoost,full_sample,2025-03,2983.25,1762.3856,1220.8644,1220.8644
Gold PPI,gold_usd,XGBoost,full_sample,2025-04,3217.64,1759.799,1457.841,1457.841
Gold PPI,gold_usd,XGBoost,full_sample,2025-05,3309.49,1759.0608,1550.4292,1550.4292
Gold PPI,gold_usd,XGBoost,full_sample,2025-06,3352.66,1766.7664,1585.8936,1585.8936
Gold PPI,gold_usd,XGBoost,full_sample,2025-07,3340.15,1768.5177,1571.6323,1571.6323
Gold PPI,gold_usd,XGBoost,full_sample,2025-08,3368.03,1776.6445,1591.3855,1591.3855
Gold PPI,gold_usd,XGBoost,full_sample,2025-09,3667.68,1771.3387,1896.3413,1896.3413
Gold PPI,gold_usd,XGBoost,full_sample,2025-10,4058.33,1767.8082,2290.5218,2290.5218
Gold PPI,gold_usd,XGBoost,full_sample,2025-12,4309.23,1769.5177,2539.7123,2539.7123
Gold PPI,gold_usd,RandomForest,full_sample,2021-01,1866.98,1851.9096,15.0704,15.0704
Gold PPI,gold_usd,RandomForest,full_sample,2021-02,1808.17,1852.2084,-44.0384,44.0384
Gold PPI,gold_usd,RandomForest,full_sample,2021-03,1718.23,1812.4004,-94.1704,94.1704
Gold PPI,gold_usd,RandomForest,full_sample,2021-04,1760.04,1780.0643,-20.0243,20.0243
Gold PPI,gold_usd,RandomForest,full_sample,2021-05,1850.26,1793.5397,56.7203,56.7203
Gold PPI,gold_usd,RandomForest,full_sample,2021-06,1834.57,1835.1852,-0.6152,0.6152
Gold PPI,gold_usd,RandomForest,full_sample,2021-07,1807.84,1832.4305,-24.5905,24.5905
Gold PPI,gold_usd,RandomForest,full_sample,2021-08,1785.28,1795.2767,-9.9967,9.9967
Gold PPI,gold_usd,RandomForest,full_sample,2021-09,1775.14,1778.6238,-3.4838,3.4838
Gold PPI,gold_usd,RandomForest,full_sample,2021-10,1776.85,1760.727,16.123,16.123
Gold PPI,gold_usd,RandomForest,full_sample,2021-11,1821.76,1758.461,63.299,63.299
Gold PPI,gold_usd,RandomForest,full_sample,2021-12,1790.43,1806.7532,-16.3232,16.3232
Gold PPI,gold_usd,RandomForest,full_sample,2022-01,1816.02,1765.3029,50.7171,50.7171
Gold PPI,gold_usd,RandomForest,full_sample,2022-02,1856.3,1809.3182,46.9818,46.9818
Gold PPI,gold_usd,RandomForest,full_sample,2022-03,1947.83,1813.6189,134.2111,134.2111
Gold PPI,gold_usd,RandomForest,full_sample,2022-04,1936.86,1825.2106,111.6494,111.6494
Gold PPI,gold_usd,RandomForest,full_sample,2022-05,1848.5,1823.2529,25.2471,25.2471
Gold PPI,gold_usd,RandomForest,full_sample,2022-06,1836.57,1820.3135,16.2565,16.2565
Gold PPI,gold_usd,RandomForest,full_sample,2022-07,1732.74,1815.8645,-83.1245,83.1245
Gold PPI,gold_usd,RandomForest,full_sample,2022-08,1764.56,1750.8415,13.7185,13.7185
Gold PPI,gold_usd,RandomForest,full_sample,2022-09,1680.78,1767.5716,-86.7916,86.7916
Gold PPI,gold_usd,RandomForest,full_sample,2022-10,1664.45,1692.6358,-28.1858,28.1858
Gold PPI,gold_usd,RandomForest,full_sample,2022-11,1725.07,1690.1468,34.9232,34.9232
Gold PPI,gold_usd,RandomForest,full_sample,2022-12,1797.55,1687.783,109.767,109.767
Gold PPI,gold_usd,RandomForest,full_sample,2023-01,1897.71,1704.8697,192.8403,192.8403
Gold PPI,gold_usd,RandomForest,full_sample,2023-02,1854.54,1821.6323,32.9077,32.9077
Gold PPI,gold_usd,RandomForest,full_sample,2023-03,1912.73,1822.4826,90.2474,90.2474
Gold PPI,gold_usd,RandomForest,full_sample,2023-04,1999.77,1825.6217,174.1483,174.1483
Gold PPI,gold_usd,RandomForest,full_sample,2023-05,1992.13,1828.002,164.128,164.128
Gold PPI,gold_usd,RandomForest,full_sample,2023-06,1942.9,1827.9042,114.9958,114.9958
Gold PPI,gold_usd,RandomForest,full_sample,2023-07,1951.02,1820.8278,130.1922,130.1922
Gold PPI,gold_usd,RandomForest,full_sample,2023-08,1918.7,1827.2177,91.4823,91.4823
Gold PPI,gold_usd,RandomForest,full_sample,2023-09,1915.95,1828.454,87.496,87.496
Gold PPI,gold_usd,RandomForest,full_sample,2023-10,1916.25,1827.9779,88.2721,88.2721
Gold PPI,gold_usd,RandomForest,full_sample,2023-11,1984.11,1821.1614,162.9486,162.9486
Gold PPI,gold_usd,RandomForest,full_sample,2023-12,2026.18,1818.1588,208.0212,208.0212
Gold PPI,gold_usd,RandomForest,full_sample,2024-01,2034.04,1817.6174,216.4226,216.4226
Gold PPI,gold_usd,RandomForest,full_sample,2024-02,2023.24,1819.0649,204.1751,204.1751
Gold PPI,gold_usd,RandomForest,full_sample,2024-03,2158.01,1821.4072,336.6028,336.6028
Gold PPI,gold_usd,RandomForest,full_sample,2024-04,2331.45,1839.1278,492.3222,492.3222
Gold PPI,gold_usd,RandomForest,full_sample,2024-05,2351.13,1841.7593,509.3707,509.3707
Gold PPI,gold_usd,RandomForest,full_sample,2024-06,2326.44,1841.7593,484.6807,484.6807
Gold PPI,gold_usd,RandomForest,full_sample,2024-07,2398.2,1839.7518,558.4482,558.4482
Gold PPI,gold_usd,RandomForest,full_sample,2024-08,2470.15,1837.6763,632.4737,632.4737
Gold PPI,gold_usd,RandomForest,full_sample,2024-09,2570.55,1833.8089,736.7411,736.7411
Gold PPI,gold_usd,RandomForest,full_sample,2024-10,2690.08,1842.0056,848.0744,848.0744
Gold PPI,gold_usd,RandomForest,full_sample,2024-11,2651.13,1834.6733,816.4567,816.4567
Gold PPI,gold_usd,RandomForest,full_sample,2024-12,2648.01,1835.378,812.632,812.632
Gold PPI,gold_usd,RandomForest,full_sample,2025-01,2709.69,1832.5863,877.1037,877.1037
Gold PPI,gold_usd,RandomForest,full_sample,2025-02,2894.73,1829.1832,1065.5468,1065.5468
Gold PPI,gold_usd,RandomForest,full_sample,2025-03,2983.25,1835.859,1147.391,1147.391
Gold PPI,gold_usd,RandomForest,full_sample,2025-04,3217.64,1838.1276,1379.5124,1379.5124
Gold PPI,gold_usd,RandomForest,full_sample,2025-05,3309.49,1838.1276,1471.3624,1471.3624
Gold PPI,gold_usd,RandomForest,full_sample,2025-06,3352.66,1839.4575,1513.2025,1513.2025
Gold PPI,gold_usd,RandomForest,full_sample,2025-07,3340.15,1839.9174,1500.2326,1500.2326
Gold PPI,gold_usd,RandomForest,full_sample,2025-08,3368.03,1838.2127,1529.8173,1529.8173
Gold PPI,gold_usd,RandomForest,full_sample,2025-09,3667.68,1840.4063,1827.2737,1827.2737
Gold PPI,gold_usd,RandomForest,full_sample,2025-10,4058.33,1841.7381,2216.5919,2216.5919
Gold PPI,gold_usd,RandomForest,full_sample,2025-12,4309.23,1843.2241,2466.0059,2466.0059
Gold PPI,gold_usd,XGBoost,post_2014,2021-01,1866.98,1891.7485,-24.7685,24.7685
Gold PPI,gold_usd,XGBoost,post_2014,2021-02,1808.17,1882.8615,-74.6915,74.6915
Gold PPI,gold_usd,XGBoost,post_2014,2021-03,1718.23,1757.837,-39.607,39.607
Gold PPI,gold_usd,XGBoost,post_2014,2021-04,1760.04,1772.4232,-12.3832,12.3832
Gold PPI,gold_usd,XGBoost,post_2014,2021-05,1850.26,1762.0884,88.1716,88.1716
Gold PPI,gold_usd,XGBoost,post_2014,2021-06,1834.57,1909.7313,-75.1613,75.1613
Gold PPI,gold_usd,XGBoost,post_2014,2021-07,1807.84,1756.0348,51.8052,51.8052
Gold PPI,gold_usd,XGBoost,post_2014,2021-08,1785.28,1764.3844,20.8956,20.8956
Gold PPI,gold_usd,XGBoost,post_2014,2021-09,1775.14,1763.2094,11.9306,11.9306
Gold PPI,gold_usd,XGBoost,post_2014,2021-10,1776.85,1756.4934,20.3566,20.3566
Gold PPI,gold_usd,XGBoost,post_2014,2021-11,1821.76,1756.1992,65.5608,65.5608
Gold PPI,gold_usd,XGBoost,post_2014,2021-12,1790.43,1754.0116,36.4184,36.4184
Gold PPI,gold_usd,XGBoost,post_2014,2022-01,1816.02,1754.7585,61.2615,61.2615
Gold PPI,gold_usd,XGBoost,post_2014,2022-02,1856.3,1752.4088,103.8912,103.8912
Gold PPI,gold_usd,XGBoost,post_2014,2022-03,1947.83,1890.7936,57.0364,57.0364
Gold PPI,gold_usd,XGBoost,post_2014,2022-04,1936.86,1898.1747,38.6853,38.6853
Gold PPI,gold_usd,XGBoost,post_2014,2022-05,1848.5,1878.1462,-29.6462,29.6462
Gold PPI,gold_usd,XGBoost,post_2014,2022-06,1836.57,1882.6083,-46.0383,46.0383
Gold PPI,gold_usd,XGBoost,post_2014,2022-07,1732.74,1761.1066,-28.3666,28.3666
Gold PPI,gold_usd,XGBoost,post_2014,2022-08,1764.56,1766.3693,-1.8093,1.8093
Gold PPI,gold_usd,XGBoost,post_2014,2022-09,1680.78,1752.8175,-72.0375,72.0375
Gold PPI,gold_usd,XGBoost,post_2014,2022-10,1664.45,1711.5863,-47.1363,47.1363
Gold PPI,gold_usd,XGBoost,post_2014,2022-11,1725.07,1706.5205,18.5495,18.5495
Gold PPI,gold_usd,XGBoost,post_2014,2022-12,1797.55,1737.3313,60.2187,60.2187
Gold PPI,gold_usd,XGBoost,post_2014,2023-01,1897.71,1748.8608,148.8492,148.8492
Gold PPI,gold_usd,XGBoost,post_2014,2023-02,1854.54,1897.8855,-43.3455,43.3455
Gold PPI,gold_usd,XGBoost,post_2014,2023-03,1912.73,1901.856,10.874,10.874
Gold PPI,gold_usd,XGBoost,post_2014,2023-04,1999.77,1887.8137,111.9563,111.9563
Gold PPI,gold_usd,XGBoost,post_2014,2023-05,1992.13,1892.286,99.844,99.844
Gold PPI,gold_usd,XGBoost,post_2014,2023-06,1942.9,1878.4442,64.4558,64.4558
Gold PPI,gold_usd,XGBoost,post_2014,2023-07,1951.02,1874.5951,76.4249,76.4249
Gold PPI,gold_usd,XGBoost,post_2014,2023-08,1918.7,1882.5311,36.1689,36.1689
Gold PPI,gold_usd,XGBoost,post_2014,2023-09,1915.95,1872.549,43.401,43.401
Gold PPI,gold_usd,XGBoost,post_2014,2023-10,1916.25,1876.0259,40.2241,40.2241
Gold PPI,gold_usd,XGBoost,post_2014,2023-11,1984.11,1874.6534,109.4566,109.4566
Gold PPI,gold_usd,XGBoost,post_2014,2023-12,2026.18,1872.4934,153.6866,153.6866
Gold PPI,gold_usd,XGBoost,post_2014,2024-01,2034.04,1878.1519,155.8881,155.8881
Gold PPI,gold_usd,XGBoost,post_2014,2024-02,2023.24,1876.0427,147.1973,147.1973
Gold PPI,gold_usd,XGBoost,post_2014,2024-03,2158.01,1875.0343,282.9757,282.9757
Gold PPI,gold_usd,XGBoost,post_2014,2024-04,2331.45,1888.2125,443.2375,443.2375
Gold PPI,gold_usd,XGBoost,post_2014,2024-05,2351.13,1889.9337,461.1963,461.1963
Gold PPI,gold_usd,XGBoost,post_2014,2024-06,2326.44,1891.3839,435.0561,435.0561
Gold PPI,gold_usd,XGBoost,post_2014,2024-07,2398.2,1879.476,518.724,518.724
Gold PPI,gold_usd,XGBoost,post_2014,2024-08,2470.15,1887.0631,583.0869,583.0869
Gold PPI,gold_usd,XGBoost,post_2014,2024-09,2570.55,1891.5654,678.9846,678.9846
Gold PPI,gold_usd,XGBoost,post_2014,2024-10,2690.08,1892.4559,797.6241,797.6241
Gold PPI,gold_usd,XGBoost,post_2014,2024-11,2651.13,1889.2379,761.8921,761.8921
Gold PPI,gold_usd,XGBoost,post_2014,2024-12,2648.01,1880.5255,767.4845,767.4845
Gold PPI,gold_usd,XGBoost,post_2014,2025-01,2709.69,1881.1875,828.5025,828.5025
Gold PPI,gold_usd,XGBoost,post_2014,2025-02,2894.73,1881.7361,1012.9939,1012.9939
Gold PPI,gold_usd,XGBoost,post_2014,2025-03,2983.25,1891.4467,1091.8033,1091.8033
Gold PPI,gold_usd,XGBoost,post_2014,2025-04,3217.64,1893.1519,1324.4881,1324.4881
Gold PPI,gold_usd,XGBoost,post_2014,2025-05,3309.49,1894.504,1414.986,1414.986
Gold PPI,gold_usd,XGBoost,post_2014,2025-06,3352.66,1895.5809,1457.0791,1457.0791
Gold PPI,gold_usd,XGBoost,post_2014,2025-07,3340.15,1892.1493,1448.0007,1448.0007
Gold PPI,gold_usd,XGBoost,post_2014,2025-08,3368.03,1888.6488,1479.3812,1479.3812
Gold PPI,gold_usd,XGBoost,post_2014,2025-09,3667.68,1883.6409,1784.0391,1784.0391
Gold PPI,gold_usd,XGBoost,post_2014,2025-10,4058.33,1894.4742,2163.8558,2163.8558
Gold PPI,gold_usd,XGBoost,post_2014,2025-12,4309.23,1891.7256,2417.5044,2417.5044
Gold PPI,gold_usd,RandomForest,post_2014,2021-01,1866.98,1829.895,37.085,37.085
Gold PPI,gold_usd,RandomForest,post_2014,2021-02,1808.17,1818.5512,-10.3812,10.3812
Gold PPI,gold_usd,RandomForest,post_2014,2021-03,1718.23,1817.6035,-99.3735,99.3735
Gold PPI,gold_usd,RandomForest,post_2014,2021-04,1760.04,1786.4274,-26.3874,26.3874
Gold PPI,gold_usd,RandomForest,post_2014,2021-05,1850.26,1797.0911,53.1689,53.1689
Gold PPI,gold_usd,RandomForest,post_2014,2021-06,1834.57,1796.0137,38.5563,38.5563
Gold PPI,gold_usd,RandomForest,post_2014,2021-07,1807.84,1775.3608,32.4792,32.4792
Gold PPI,gold_usd,RandomForest,post_2014,2021-08,1785.28,1776.3456,8.9344,8.9344
Gold PPI,gold_usd,RandomForest,post_2014,2021-09,1775.14,1762.6553,12.4847,12.4847
Gold PPI,gold_usd,RandomForest,post_2014,2021-10,1776.85,1757.9851,18.8649,18.8649
Gold PPI,gold_usd,RandomForest,post_2014,2021-11,1821.76,1758.1165,63.6435,63.6435
Gold PPI,gold_usd,RandomForest,post_2014,2021-12,1790.43,1764.6396,25.7904,25.7904
Gold PPI,gold_usd,RandomForest,post_2014,2022-01,1816.02,1762.7348,53.2852,53.2852
Gold PPI,gold_usd,RandomForest,post_2014,2022-02,1856.3,1764.6396,91.6604,91.6604
Gold PPI,gold_usd,RandomForest,post_2014,2022-03,1947.83,1764.8912,182.9388,182.9388
Gold PPI,gold_usd,RandomForest,post_2014,2022-04,1936.86,1763.3984,173.4616,173.4616
Gold PPI,gold_usd,RandomForest,post_2014,2022-05,1848.5,1763.3984,85.1016,85.1016
Gold PPI,gold_usd,RandomForest,post_2014,2022-06,1836.57,1762.8381,73.7319,73.7319
Gold PPI,gold_usd,RandomForest,post_2014,2022-07,1732.74,1764.2893,-31.5493,31.5493
Gold PPI,gold_usd,RandomForest,post_2014,2022-08,1764.56,1757.2034,7.3566,7.3566
Gold PPI,gold_usd,RandomForest,post_2014,2022-09,1680.78,1758.1328,-77.3528,77.3528
Gold PPI,gold_usd,RandomForest,post_2014,2022-10,1664.45,1749.5031,-85.0531,85.0531
Gold PPI,gold_usd,RandomForest,post_2014,2022-11,1725.07,1733.0303,-7.9603,7.9603
Gold PPI,gold_usd,RandomForest,post_2014,2022-12,1797.55,1739.7231,57.8269,57.8269
Gold PPI,gold_usd,RandomForest,post_2014,2023-01,1897.71,1762.1121,135.5979,135.5979
Gold PPI,gold_usd,RandomForest,post_2014,2023-02,1854.54,1765.0783,89.4617,89.4617
Gold PPI,gold_usd,RandomForest,post_2014,2023-03,1912.73,1768.5977,144.1323,144.1323
Gold PPI,gold_usd,RandomForest,post_2014,2023-04,1999.77,1769.158,230.612,230.612
Gold PPI,gold_usd,RandomForest,post_2014,2023-05,1992.13,1769.158,222.972,222.972
Gold PPI,gold_usd,RandomForest,post_2014,2023-06,1942.9,1764.1488,178.7512,178.7512
Gold PPI,gold_usd,RandomForest,post_2014,2023-07,1951.02,1764.183,186.837,186.837
Gold PPI,gold_usd,RandomForest,post_2014,2023-08,1918.7,1764.6839,154.0161,154.0161
Gold PPI,gold_usd,RandomForest,post_2014,2023-09,1915.95,1765.0938,150.8562,150.8562
Gold PPI,gold_usd,RandomForest,post_2014,2023-10,1916.25,1765.2,151.05,151.05
Gold PPI,gold_usd,RandomForest,post_2014,2023-11,1984.11,1765.3314,218.7786,218.7786
Gold PPI,gold_usd,RandomForest,post_2014,2023-12,2026.18,1765.4516,260.7284,260.7284
Gold PPI,gold_usd,RandomForest,post_2014,2024-01,2034.04,1765.4446,268.5954,268.5954
Gold PPI,gold_usd,RandomForest,post_2014,2024-02,2023.24,1764.0172,259.2228,259.2228
Gold PPI,gold_usd,RandomForest,post_2014,2024-03,2158.01,1764.7294,393.2806,393.2806
Gold PPI,gold_usd,RandomForest,post_2014,2024-04,2331.45,1764.1488,567.3012,567.3012
Gold PPI,gold_usd,RandomForest,post_2014,2024-05,2351.13,1769.158,581.972,581.972
Gold PPI,gold_usd,RandomForest,post_2014,2024-06,2326.44,1769.158,557.282,557.282
Gold PPI,gold_usd,RandomForest,post_2014,2024-07,2398.2,1768.9922,629.2078,629.2078
Gold PPI,gold_usd,RandomForest,post_2014,2024-08,2470.15,1769.158,700.992,700.992
Gold PPI,gold_usd,RandomForest,post_2014,2024-09,2570.55,1768.8886,801.6614,801.6614
Gold PPI,gold_usd,RandomForest,post_2014,2024-10,2690.08,1768.9996,921.0804,921.0804
Gold PPI,gold_usd,RandomForest,post_2014,2024-11,2651.13,1768.8886,882.2414,882.2414
Gold PPI,gold_usd,RandomForest,post_2014,2024-12,2648.01,1768.9996,879.0104,879.0104
Gold PPI,gold_usd,RandomForest,post_2014,2025-01,2709.69,1768.8339,940.8561,940.8561
Gold PPI,gold_usd,RandomForest,post_2014,2025-02,2894.73,1794.1851,1100.5449,1100.5449
Gold PPI,gold_usd,RandomForest,post_2014,2025-03,2983.25,1798.0748,1185.1752,1185.1752
Gold PPI,gold_usd,RandomForest,post_2014,2025-04,3217.64,1810.4286,1407.2114,1407.2114
Gold PPI,gold_usd,RandomForest,post_2014,2025-05,3309.49,1810.4286,1499.0614,1499.0614
Gold PPI,gold_usd,RandomForest,post_2014,2025-06,3352.66,1810.4286,1542.2314,1542.2314
Gold PPI,gold_usd,RandomForest,post_2014,2025-07,3340.15,1810.4286,1529.7214,1529.7214
Gold PPI,gold_usd,RandomForest,post_2014,2025-08,3368.03,1810.2628,1557.7672,1557.7672
Gold PPI,gold_usd,RandomForest,post_2014,2025-09,3667.68,1810.2628,1857.4172,1857.4172
Gold PPI,gold_usd,RandomForest,post_2014,2025-10,4058.33,1810.4286,2247.9014,2247.9014
Gold PPI,gold_usd,RandomForest,post_2014,2025-12,4309.23,1810.4286,2498.8014,2498.8014
